Unnamed: 0,Gender,Age,Ever_Married,Family_Size,Profession,Graduated,Work_Experience,Energy_Consumption,Preferred_Renewable,Predicted_Group
0,0,36,1,1.0,2,1,0.0,2,4,D
1,1,37,1,4.0,5,1,8.0,0,4,A
2,0,69,1,1.0,0,0,0.0,2,4,C
3,1,59,1,2.0,4,0,11.0,1,4,A
4,0,19,0,4.0,8,0,2.552586938083121,2,4,C
5,1,47,1,5.0,1,1,0.0,1,2,C
6,1,61,1,3.0,1,1,5.0,2,4,A
7,0,47,1,3.0,0,1,1.0,0,4,C
8,1,50,1,4.0,0,1,2.0,0,4,C
9,1,19,0,4.0,5,0,0.0,2,4,D
10,1,22,0,3.0,5,0,0.0,2,4,D
11,0,22,0,6.0,5,0,0.0,2,4,D
12,1,50,1,5.0,0,1,1.0,0,4,C
13,1,27,0,3.0,5,0,8.0,2,6,D
14,1,18,0,3.0,1,0,0.0,2,4,D
15,0,61,1,1.0,0,1,0.0,2,4,C
16,0,20,1,3.0,7,1,1.0,0,6,A
17,1,45,1,2.0,0,1,1.0,0,4,C
18,1,55,1,1.0,0,1,8.0,2,4,A
19,0,88,1,4.0,7,1,1.0,0,4,B
20,1,63,1,3.0,4,0,2.552586938083121,1,4,B
21,1,69,1,2.8253778838504378,7,0,2.552586938083121,1,4,A
22,1,42,0,4.0,0,1,0.0,2,6,A
23,1,79,1,2.0,4,0,2.552586938083121,1,4,A
24,0,35,1,3.0,5,1,9.0,1,4,A
25,1,27,1,4.0,4,0,5.0,1,4,D
26,1,52,1,2.0,2,1,2.552586938083121,2,4,A
27,0,29,0,4.0,5,1,0.0,2,2,B
28,0,79,1,2.0,7,0,1.0,1,4,D
29,1,87,1,2.0,7,1,2.552586938083121,1,4,A
30,1,89,1,2.0,7,0,1.0,2,4,A
31,1,63,1,3.0,0,1,9.0,0,4,C
32,1,31,0,2.0,0,0,1.0,2,4,A
33,1,72,1,6.0,0,1,1.0,0,5,C
34,0,41,1,2.0,1,1,9.0,0,4,C
35,0,61,0,1.0,0,1,11.0,2,4,B
36,1,62,1,2.0,0,1,0.0,2,4,B
37,1,56,1,2.0,0,1,1.0,0,4,C
38,1,60,1,5.0,0,1,2.0,0,4,C
39,1,68,1,2.0,0,1,0.0,1,4,C
40,1,19,0,8.0,5,0,2.552586938083121,2,4,D
41,1,57,1,3.0,4,1,8.0,1,4,C
42,1,19,0,5.0,5,0,5.0,2,0,D
43,0,51,1,6.0,0,1,3.0,0,4,C
44,0,86,1,2.0,0,0,1.0,1,4,C
45,0,74,1,2.0,7,0,1.0,1,4,D
46,1,23,0,2.0,3,0,6.0,2,4,D
47,1,47,1,2.0,0,1,0.0,0,4,C
48,0,19,0,6.0,5,0,7.0,2,4,D
49,1,50,1,4.0,0,0,0.0,1,4,B
50,1,80,1,2.0,7,1,2.552586938083121,1,4,B
51,1,78,1,1.0,7,0,2.552586938083121,2,0,A
52,0,48,0,1.0,1,1,0.0,2,4,A
53,1,70,1,2.0,1,1,1.0,0,4,C
54,1,50,1,5.0,4,1,3.0,1,4,B
55,0,83,1,2.0,7,1,0.0,1,4,C
56,1,35,0,1.0,3,1,0.0,2,4,A
57,0,36,0,2.0,0,1,0.0,2,1,C
58,0,35,0,1.0,0,1,1.0,2,4,B
59,1,35,1,2.0,0,1,0.0,0,4,C
60,1,18,0,3.0,5,0,3.0,2,0,D
61,0,73,1,2.0,0,1,1.0,0,4,C
62,1,62,1,3.0,0,0,1.0,1,4,B
63,0,46,1,2.0,0,1,1.0,0,4,C
64,1,43,1,4.0,3,1,0.0,2,2,A
65,0,32,0,1.0,3,1,7.0,2,4,A
66,1,39,0,1.0,0,1,0.0,2,4,A
67,0,89,1,2.0,7,1,0.0,1,4,C
68,0,18,0,3.0,5,0,0.0,2,2,D
69,0,57,1,2.0,0,1,0.0,1,6,C
70,0,18,0,4.0,3,0,0.0,2,4,D
71,0,71,1,2.0,0,1,1.0,1,4,C
72,0,69,1,2.0,0,1,0.0,0,4,C
73,0,42,0,4.0,5,1,0.0,2,4,A
74,0,36,0,2.0,0,1,0.0,2,4,B
75,0,80,1,2.0,7,1,1.0,1,4,B
76,1,69,1,1.0,3,0,2.552586938083121,2,4,A
77,0,67,1,3.0,0,1,0.0,0,4,C
78,0,47,1,4.0,1,1,1.0,0,4,C
79,0,49,1,2.0,0,1,0.0,0,4,C
80,0,32,1,4.0,2,0,9.0,2,4,A
81,0,65,1,4.0,7,1,1.0,0,4,B
82,0,78,1,2.0,7,0,0.0,1,4,A
83,1,33,0,6.0,0,1,1.0,2,4,D
84,1,48,1,1.0,0,1,1.0,2,4,A
85,1,58,1,5.0,4,1,1.0,0,4,C
86,0,83,1,2.8253778838504378,7,1,1.0,1,4,B
87,0,30,0,4.0,5,0,9.0,2,4,D
88,0,35,0,2.0,0,1,0.0,2,4,B
89,1,32,0,5.0,5,1,6.0,2,4,D
90,1,69,1,2.0,6,1,1.0,1,4,B
91,0,71,1,2.0,7,1,1.0,1,4,B
92,1,43,0,1.0,7,1,0.0,2,2,D
93,1,37,1,2.0,0,1,0.0,2,4,C
94,1,42,0,1.0,1,1,0.0,2,4,A
95,0,70,1,2.0,1,1,1.0,0,4,C
96,1,46,0,2.0,0,1,0.0,2,4,B
97,1,21,0,2.8253778838504378,5,0,2.552586938083121,2,5,D
98,1,70,1,2.0,0,1,0.0,0,4,C
99,0,61,1,2.8253778838504378,0,1,1.0,2,4,C
100,1,60,1,1.0,3,1,1.0,2,4,A
101,1,37,0,2.0,3,1,0.0,2,0,A
102,1,30,1,2.0,5,1,1.0,2,4,A
103,0,32,0,3.0,2,1,1.0,2,4,A
104,1,26,1,3.0,4,1,0.0,2,4,D
105,1,42,0,1.0,8,1,0.0,2,4,D
106,0,18,0,2.8253778838504378,1,0,2.552586938083121,2,4,D
107,1,80,1,2.8253778838504378,4,0,2.552586938083121,2,4,D
108,1,29,1,2.0,5,1,8.0,1,4,D
109,0,88,1,2.0,0,1,1.0,1,4,C
110,1,70,1,1.0,7,1,1.0,2,4,A
111,0,50,1,4.0,0,1,1.0,1,4,C
112,1,43,1,4.0,1,1,4.0,0,6,C
113,1,51,1,2.0,0,1,6.0,0,4,C
114,0,50,1,3.0,0,1,2.552586938083121,1,4,C
115,0,74,1,1.0,6,0,2.552586938083121,2,4,A
116,0,29,0,3.0,5,1,2.552586938083121,2,4,D
117,0,32,0,2.0,2,1,2.552586938083121,2,4,A
118,1,60,1,2.0,4,0,0.0,2,4,A
119,1,46,0,1.0,0,1,2.0,2,4,C
120,0,81,1,2.0,8,1,0.0,2,4,B
121,1,41,1,7.0,2,0,2.552586938083121,0,2,D
122,1,22,1,4.0,4,0,0.0,1,4,A
123,1,37,1,3.0,0,1,0.0,0,4,C
124,1,43,1,1.0,2,0,0.0,2,4,A
125,1,50,1,3.0,0,1,1.0,0,4,C
126,0,35,1,2.0,0,1,1.0,0,3,B
127,1,65,1,2.0,7,0,1.0,1,4,B
128,0,41,0,4.0,2,1,0.0,2,4,B
129,1,28,0,2.0,3,0,8.0,2,4,A
130,1,55,1,2.0,0,1,4.0,0,4,C
131,0,58,1,2.0,7,0,2.552586938083121,1,4,A
132,1,28,0,3.0,5,0,1.0,2,4,C
133,1,48,1,4.0,0,1,2.552586938083121,0,3,C
134,0,78,1,2.0,1,0,1.0,1,4,A
135,0,35,0,3.0,1,1,1.0,2,4,A
136,0,76,1,2.0,7,1,0.0,1,4,C
137,0,88,1,2.0,7,1,1.0,1,4,B
138,1,61,1,3.0,0,1,1.0,0,4,C
139,0,79,1,2.0,0,1,2.552586938083121,1,4,C
140,1,30,0,4.0,1,0,0.0,2,4,D
141,1,69,1,2.0,4,0,0.0,1,4,B
142,1,65,1,2.0,1,1,1.0,0,4,C
143,0,70,1,2.0,7,1,1.0,2,4,B
144,1,32,1,4.0,5,0,0.0,0,4,D
145,1,46,1,4.0,3,1,2.552586938083121,2,4,A
146,1,21,0,5.0,5,0,8.0,2,4,D
147,1,47,1,3.0,1,1,2.552586938083121,2,4,A
148,0,39,0,2.0,8,0,0.0,2,2,D
149,1,85,1,3.0,7,1,0.0,2,4,A
150,0,66,0,2.0,0,1,0.0,2,4,B
151,0,50,1,2.0,0,1,1.0,0,4,C
152,0,42,1,3.0,0,1,0.0,0,4,C
153,1,53,1,1.0,0,1,9.0,2,4,A
154,1,37,1,2.0,0,1,2.552586938083121,2,4,C
155,0,45,1,2.0,0,1,1.0,2,4,C
156,0,66,0,1.0,7,0,2.552586938083121,2,4,D
157,1,33,0,2.8253778838504378,8,0,2.552586938083121,2,4,D
158,1,40,1,1.0,0,1,4.0,2,4,A
159,0,35,1,1.0,0,1,1.0,2,5,A
160,1,27,0,2.0,0,1,2.552586938083121,2,4,B
161,0,48,1,3.0,0,1,0.0,0,2,C
162,0,56,1,2.0,0,1,0.0,0,4,C
163,1,25,1,6.0,5,1,2.552586938083121,2,4,D
164,0,30,0,8.0,0,0,2.552586938083121,2,4,C
165,0,46,1,3.0,3,1,7.0,2,4,A
166,1,49,1,2.0,7,0,0.0,2,4,A
167,1,72,1,4.0,8,0,1.0,2,4,D
168,0,79,1,2.0,7,1,2.552586938083121,1,4,C
169,0,35,0,3.0,0,1,2.552586938083121,2,4,B
170,0,77,1,1.0,7,1,0.0,2,4,B
171,0,79,1,2.0,7,0,2.552586938083121,1,4,A
172,1,42,1,4.0,5,1,6.0,1,4,A
173,0,42,0,1.0,2,1,2.552586938083121,2,4,A
174,1,67,1,2.0,7,0,2.552586938083121,1,5,A
175,1,26,0,1.0,5,1,1.0,2,4,D
176,1,67,1,2.0,7,1,1.0,1,4,B
177,1,55,1,1.0,2,1,1.0,2,4,A
178,0,56,1,2.0,0,1,2.552586938083121,0,4,C
179,1,63,1,4.0,0,1,2.552586938083121,0,4,C
180,1,46,1,2.0,0,1,8.0,0,4,C
181,1,32,1,2.0,5,1,7.0,2,4,D
182,0,49,0,1.0,6,1,13.0,2,4,A
183,1,59,1,2.0,0,1,1.0,1,4,C
184,1,22,0,5.0,5,0,8.0,2,2,D
185,0,28,0,1.0,0,1,8.0,2,4,B
186,1,28,0,3.0,3,1,1.0,2,4,D
187,1,75,1,1.0,7,1,2.0,2,4,D
188,0,37,1,2.0,0,1,13.0,2,4,C
189,1,50,1,2.0,1,1,0.0,0,4,C
190,0,50,1,4.0,4,1,1.0,1,4,C
191,0,88,1,2.8253778838504378,7,0,2.552586938083121,2,4,B
192,0,35,1,5.0,0,1,3.0,0,2,C
193,0,35,0,2.8253778838504378,0,0,2.552586938083121,2,3,A
194,1,31,1,3.0,3,0,2.552586938083121,0,4,D
195,1,46,1,1.0,0,1,0.0,2,4,B
196,0,50,1,4.0,0,1,1.0,0,4,C
197,0,33,0,3.0,0,1,7.0,2,4,A
198,1,49,1,1.0,0,1,0.0,2,4,B
199,1,52,1,3.0,0,1,1.0,0,4,C
200,1,25,0,3.0,5,0,0.0,2,4,C
201,0,41,1,1.0,0,1,6.0,2,4,C
202,0,68,1,2.0,0,1,0.0,1,4,C
203,0,79,1,2.0,7,0,2.0,1,4,A
204,1,40,1,5.0,3,1,5.0,0,4,B
205,0,62,0,1.0,1,1,2.552586938083121,2,4,B
206,1,21,0,2.0,5,0,2.552586938083121,2,4,D
207,0,20,0,4.0,5,0,2.552586938083121,2,5,D
208,1,28,0,5.0,3,1,1.0,2,4,C
209,1,57,1,2.0,1,1,0.0,0,2,B
210,0,25,0,2.8253778838504378,5,0,8.0,2,4,D
211,0,63,1,1.0,2,0,8.0,2,4,B
212,0,26,1,3.0,3,0,1.0,2,4,D
213,0,50,1,3.0,8,0,0.0,1,2,B
214,0,30,0,4.0,8,0,9.0,2,0,A
215,0,26,0,4.0,2,0,2.552586938083121,2,2,A
216,1,61,1,3.0,0,1,1.0,0,4,C
217,1,42,0,1.0,0,1,3.0,2,4,A
218,1,88,1,2.0,0,1,4.0,2,4,A
219,1,45,1,3.0,0,0,3.0,0,4,C
220,0,86,1,1.0,7,1,1.0,2,4,B
221,1,18,0,5.0,5,0,1.0,2,4,D
222,1,37,0,1.0,3,1,2.552586938083121,2,4,A
223,1,46,1,1.0,0,1,1.0,2,4,A
224,1,58,1,2.0,0,0,2.552586938083121,0,4,C
225,0,72,1,2.0,7,1,8.0,1,4,C
226,0,50,1,3.0,0,1,0.0,1,4,C
227,0,56,1,3.0,2,1,8.0,0,4,C
228,1,46,0,3.0,0,0,3.0,2,1,B
229,1,57,1,1.0,0,1,2.552586938083121,2,4,A
230,1,42,1,6.0,4,0,9.0,1,4,B
231,1,20,0,4.0,5,0,2.552586938083121,2,4,D
232,1,19,0,3.0,5,0,2.552586938083121,2,4,D
233,1,19,0,4.0,5,0,4.0,2,4,D
234,1,68,1,1.0,4,1,1.0,2,4,A
235,0,40,1,2.0,0,1,0.0,2,4,B
236,1,82,1,2.0,7,0,2.552586938083121,1,4,A
237,0,23,0,3.0,5,0,1.0,2,4,D
238,0,84,1,2.0,7,0,1.0,1,4,D
239,1,51,1,4.0,0,0,0.0,2,5,A
240,1,59,1,2.0,0,1,1.0,0,4,C
241,0,41,1,5.0,0,1,1.0,0,4,C
242,1,51,1,2.0,4,0,1.0,1,4,B
243,0,62,1,3.0,0,0,2.552586938083121,0,4,C
244,0,62,1,4.0,7,0,1.0,1,2,B
245,0,38,1,1.0,0,1,8.0,2,4,A
246,1,18,0,4.0,0,0,2.552586938083121,2,2,D
247,1,22,0,4.0,5,0,3.0,2,4,D
248,0,30,1,3.0,1,1,0.0,2,6,A
249,0,62,1,1.0,3,1,1.0,2,4,B
250,0,43,0,3.0,3,0,1.0,2,4,A
251,0,32,0,1.0,2,1,2.552586938083121,2,6,A
252,1,37,1,2.8253778838504378,0,1,1.0,1,4,A
253,1,48,0,1.0,0,1,1.0,2,4,B
254,0,31,0,2.0,2,1,4.0,2,4,A
255,1,46,1,4.0,0,0,4.0,1,4,B
256,0,49,1,4.0,2,0,1.0,0,4,B
257,1,43,1,4.0,1,0,2.552586938083121,0,4,B
258,1,42,0,1.0,0,1,8.0,2,4,A
259,1,37,1,2.0,1,1,2.552586938083121,2,4,D
260,1,72,1,2.0,3,1,2.552586938083121,1,4,C
261,1,71,1,1.0,4,0,2.552586938083121,1,4,C
262,0,39,0,1.0,2,1,1.0,2,2,A
263,1,20,0,5.0,5,0,0.0,2,0,D
264,0,26,0,1.0,0,0,2.552586938083121,2,3,D
265,1,72,1,1.0,4,1,1.0,2,4,A
266,1,70,1,1.0,5,1,0.0,2,2,D
267,1,45,0,1.0,0,1,2.0,2,4,A
268,1,33,0,5.0,4,0,7.0,2,4,A
269,1,50,1,3.0,3,0,0.0,0,4,A
270,1,31,0,1.0,3,1,6.0,2,4,D
271,0,74,1,2.0,7,0,1.0,1,4,D
272,0,68,1,2.0,0,0,2.552586938083121,1,4,C
273,0,49,0,1.0,0,1,2.552586938083121,2,4,C
274,1,49,1,2.0,8,1,0.0,1,4,B
275,0,18,0,3.0,5,0,1.0,2,4,D
276,0,85,1,2.0,3,0,2.0,0,4,B
277,0,38,0,4.0,3,1,2.552586938083121,2,4,A
278,1,28,1,4.0,0,0,0.0,2,4,A
279,1,46,1,2.0,0,0,3.0,0,4,C
280,1,59,1,3.0,6,1,9.0,0,4,C
281,0,56,1,2.0,0,1,0.0,2,4,C
282,1,69,1,1.0,0,1,0.0,2,4,B
283,1,66,1,2.0,0,1,0.0,2,4,B
284,1,18,0,6.0,5,0,4.0,2,0,D
285,1,36,0,1.0,0,1,4.0,2,2,A
286,1,31,0,2.0,8,1,1.0,2,6,A
287,1,67,1,2.0,4,0,1.0,1,2,D
288,0,39,0,1.0,0,1,7.0,2,4,B
289,1,42,0,3.0,3,1,4.0,2,4,A
290,1,50,1,2.0,0,1,0.0,2,4,B
291,0,37,1,2.0,0,1,0.0,0,4,C
292,0,59,0,1.0,0,1,0.0,2,4,C
293,1,50,1,2.0,0,1,8.0,2,4,C
294,1,48,1,3.0,0,1,8.0,2,0,A
295,1,55,1,1.0,0,1,9.0,2,4,A
296,0,33,0,3.0,1,1,1.0,2,4,A
297,1,38,0,1.0,0,1,13.0,2,3,A
298,1,43,0,2.0,0,1,0.0,2,4,A
299,0,53,0,2.0,0,1,0.0,2,4,C
300,1,37,0,1.0,3,1,0.0,2,4,A
301,0,36,0,1.0,0,1,5.0,2,4,A
302,1,36,0,1.0,0,1,5.0,2,4,A
303,1,62,1,1.0,0,1,1.0,2,4,B
304,0,38,0,2.0,0,0,2.0,2,4,B
305,1,55,0,1.0,3,1,1.0,2,4,A
306,1,60,1,2.0,3,0,1.0,0,4,B
307,0,36,1,2.0,3,1,7.0,0,1,A
308,1,30,0,9.0,3,0,5.0,2,6,A
309,0,66,0,3.0,3,0,4.0,2,4,D
310,1,45,1,1.0,3,1,1.0,2,4,A
311,0,40,0,2.8253778838504378,3,1,6.0,2,4,A
312,0,45,1,3.0,3,1,5.0,2,4,A
313,1,41,1,1.0,0,1,2.0,2,4,A
314,0,62,1,1.0,6,1,4.0,2,1,A
315,1,61,1,2.0,0,1,1.0,2,4,B
316,0,50,1,2.0,0,1,4.0,2,4,C
317,1,53,1,2.0,3,1,3.0,2,4,A
318,1,39,0,1.0,0,1,7.0,2,4,A
319,0,86,0,1.0,7,1,0.0,2,6,B
320,1,50,1,1.0,0,1,1.0,2,2,A
321,0,46,0,2.8253778838504378,3,0,4.0,2,2,A
322,1,52,0,1.0,8,1,0.0,2,6,D
323,0,45,0,1.0,8,0,0.0,2,4,D
324,0,37,0,1.0,0,1,9.0,2,4,A
325,0,36,1,1.0,2,1,3.0,2,4,D
326,0,25,0,1.0,0,1,2.552586938083121,2,4,B
327,0,40,0,1.0,1,0,1.0,2,4,A
328,1,41,1,2.0,0,1,11.0,1,4,B
329,0,25,1,2.0,6,1,2.552586938083121,1,4,A
330,1,80,1,2.0,7,0,4.0,0,4,A
331,0,46,0,1.0,0,1,3.0,2,6,A
332,0,81,1,1.0,7,1,1.0,2,4,B
333,1,40,1,2.0,0,1,0.0,2,6,B
334,1,49,0,1.0,0,1,1.0,2,6,B
335,0,26,0,3.0,5,1,8.0,2,6,D
336,1,26,0,1.0,0,1,1.0,2,2,A
337,0,47,0,1.0,0,1,0.0,2,2,B
338,0,71,1,2.8253778838504378,3,1,0.0,2,4,B
339,1,48,1,5.0,2,1,1.0,0,4,C
340,1,39,1,3.0,0,1,1.0,0,0,C
341,1,50,1,2.0,0,1,8.0,0,4,C
342,0,46,0,2.0,0,1,1.0,2,4,C
343,1,26,1,2.0,2,1,8.0,0,6,A
344,0,42,1,2.0,0,1,1.0,2,4,C
345,0,36,1,2.0,0,1,4.0,2,4,C
346,1,29,0,4.0,5,1,1.0,2,4,D
347,0,39,0,1.0,0,0,1.0,2,4,B
348,0,41,0,3.0,0,1,0.0,2,4,A
349,0,48,1,2.8253778838504378,8,1,8.0,2,4,A
350,1,40,1,3.0,3,1,9.0,1,4,B
351,0,25,0,3.0,5,1,4.0,2,4,D
352,0,41,1,2.0,0,1,7.0,2,4,C
353,1,37,0,1.0,0,1,11.0,2,4,A
354,0,53,0,2.8253778838504378,1,1,0.0,2,6,A
355,0,51,1,3.0,2,1,0.0,0,6,C
356,1,73,1,3.0,3,1,1.0,0,4,C
357,1,61,1,5.0,0,0,1.0,2,2,A
358,1,39,0,1.0,3,1,5.0,2,6,A
359,0,19,0,4.0,5,0,0.0,2,0,D
360,0,19,0,7.0,5,0,0.0,2,0,D
361,0,23,0,5.0,3,0,1.0,2,0,B
362,1,83,1,2.0,4,1,0.0,1,0,C
363,0,62,1,2.0,0,1,1.0,1,4,C
364,0,43,0,4.0,0,1,9.0,2,4,A
365,0,27,0,5.0,0,0,0.0,2,0,A
366,1,50,0,1.0,0,1,0.0,2,4,B
367,0,23,0,6.0,3,0,0.0,2,0,B
368,1,35,0,2.0,3,0,9.0,2,4,A
369,1,32,0,3.0,5,0,9.0,2,4,D
370,0,42,0,3.0,1,1,2.0,2,4,A
371,1,33,0,1.0,3,0,13.0,2,4,D
372,0,28,0,3.0,3,1,9.0,2,4,D
373,1,35,1,2.0,0,1,1.0,2,3,A
374,0,35,0,2.0,5,1,9.0,2,4,D
375,0,39,1,2.0,3,1,0.0,2,4,A
376,1,28,1,1.0,0,1,6.0,2,4,A
377,1,35,1,6.0,3,1,11.0,2,4,A
378,0,45,1,2.0,2,1,0.0,0,4,C
379,0,73,1,2.8253778838504378,7,1,4.0,1,4,B
380,1,52,0,1.0,3,0,1.0,2,4,A
381,1,28,0,3.0,5,0,0.0,2,4,C
382,1,38,1,3.0,5,1,9.0,2,4,D
383,0,42,0,1.0,3,1,8.0,2,4,A
384,0,26,0,2.8253778838504378,1,0,9.0,2,4,D
385,0,27,0,2.0,5,1,7.0,2,4,D
386,1,41,1,2.0,0,1,0.0,2,4,B
387,1,41,1,2.0,0,1,1.0,2,4,A
388,1,47,1,4.0,4,1,0.0,1,4,C
389,1,35,0,1.0,1,1,8.0,2,4,A
390,0,88,0,1.0,7,1,0.0,2,4,D
391,0,46,0,1.0,0,1,6.0,2,4,B
392,0,41,1,2.0,0,1,3.0,2,4,C
393,0,30,0,5.0,1,1,10.0,2,4,D
394,1,43,1,2.0,1,1,12.0,2,4,A
395,0,29,0,2.0,3,1,9.0,2,4,A
396,1,48,1,1.0,0,1,1.0,2,4,A
397,0,61,1,6.0,0,1,4.0,0,2,C
398,0,51,0,1.0,7,1,2.0,2,4,D
399,0,38,0,1.0,0,1,2.0,2,4,B
400,0,49,1,1.0,3,1,0.0,1,4,D
401,0,43,0,1.0,5,1,9.0,2,4,D
402,1,27,0,4.0,5,0,14.0,2,4,D
403,0,35,0,6.0,1,0,14.0,2,3,D
404,0,39,1,2.0,1,0,4.0,0,3,B
405,0,52,1,2.8253778838504378,2,0,9.0,2,4,A
406,0,38,0,1.0,2,1,10.0,2,4,A
407,0,30,0,2.0,3,1,12.0,2,4,A
408,0,43,0,1.0,0,1,10.0,2,4,C
409,0,42,0,4.0,3,0,10.0,2,4,A
410,0,46,0,1.0,0,1,2.0,2,3,D
411,0,47,0,2.0,0,1,11.0,2,4,A
412,0,32,0,5.0,3,0,13.0,2,3,D
413,0,53,1,2.0,0,1,11.0,0,4,C
414,0,43,1,2.8253778838504378,0,1,12.0,0,4,C
415,0,39,0,2.0,0,1,0.0,2,4,B
416,1,42,1,2.0,0,1,3.0,0,4,C
417,0,37,0,1.0,0,1,3.0,2,6,A
418,1,19,0,4.0,5,0,0.0,2,4,D
419,1,30,0,1.0,8,0,1.0,2,6,D
420,0,49,1,1.0,0,1,0.0,2,2,A
421,1,55,1,3.0,5,1,0.0,2,2,D
422,0,59,1,2.0,1,1,1.0,2,2,A
423,0,46,1,2.0,0,1,2.552586938083121,2,4,C
424,0,27,1,2.0,4,1,9.0,1,4,A
425,0,25,0,2.0,0,1,1.0,2,4,A
426,0,37,0,1.0,1,1,1.0,2,4,A
427,1,38,0,3.0,0,1,9.0,2,4,A
428,1,29,0,3.0,3,1,9.0,2,4,D
429,1,28,0,2.0,0,1,11.0,2,4,A
430,0,27,1,2.0,8,1,8.0,2,4,D
431,0,42,0,2.0,3,0,3.0,2,4,A
432,0,43,0,2.0,0,1,14.0,2,4,A
433,0,40,1,2.0,5,1,8.0,0,4,D
434,1,41,0,3.0,0,1,9.0,2,4,A
435,1,46,1,1.0,3,0,8.0,2,5,A
436,0,32,0,3.0,5,1,9.0,2,4,D
437,0,56,0,1.0,3,1,1.0,2,4,A
438,1,28,0,1.0,8,1,12.0,2,4,D
439,0,25,0,3.0,0,1,0.0,2,3,A
440,1,42,1,7.0,0,1,6.0,2,4,A
441,0,41,0,2.0,3,1,5.0,2,4,A
442,1,36,1,2.0,5,1,3.0,2,4,D
443,0,42,0,1.0,0,1,2.0,2,4,B
444,0,42,0,4.0,0,1,8.0,2,4,A
445,0,55,0,2.0,3,1,1.0,2,4,A
446,1,52,1,2.8253778838504378,3,1,1.0,1,4,C
447,0,47,0,1.0,2,1,1.0,2,4,A
448,1,57,1,3.0,0,1,2.0,1,4,C
449,0,26,0,1.0,0,1,8.0,2,4,A
450,0,28,0,2.0,0,0,5.0,2,4,A
451,0,37,0,1.0,1,1,0.0,2,4,A
452,1,89,1,1.0,7,0,0.0,2,6,A
453,1,25,0,1.0,8,0,2.0,2,6,D
454,1,50,1,4.0,4,1,1.0,1,2,B
455,0,42,0,1.0,1,1,5.0,2,4,A
456,1,48,0,1.0,0,1,2.552586938083121,2,4,C
457,0,37,0,2.8253778838504378,3,1,9.0,2,6,A
458,0,30,0,5.0,2,0,1.0,2,6,D
459,1,26,1,4.0,3,0,2.0,2,6,D
460,0,47,1,2.0,0,1,2.552586938083121,0,4,C
461,1,36,0,4.0,5,0,2.552586938083121,2,2,D
462,1,53,1,4.0,1,0,2.552586938083121,0,6,B
463,1,30,0,6.0,3,0,1.0,2,6,D
464,0,20,0,7.0,5,0,4.0,2,6,D
465,0,19,0,5.0,8,0,8.0,2,6,B
466,1,19,0,6.0,5,0,9.0,2,6,D
467,0,37,0,2.8253778838504378,8,0,12.0,2,6,D
468,1,20,0,6.0,5,0,0.0,2,6,D
469,1,39,1,3.0,4,0,2.552586938083121,0,6,B
470,0,26,0,3.0,2,1,1.0,2,6,A
471,1,31,0,4.0,1,0,0.0,2,6,D
472,1,31,1,3.0,5,1,2.0,1,6,A
473,0,41,1,3.0,2,1,9.0,0,6,B
474,0,32,1,2.0,6,0,2.552586938083121,0,2,D
475,0,42,1,3.0,6,1,0.0,0,6,A
476,0,89,1,2.8253778838504378,7,0,1.0,2,6,B
477,1,78,1,3.0,7,0,1.0,1,6,B
478,0,65,1,2.0,7,1,1.0,2,6,C
479,0,48,1,2.8253778838504378,6,1,0.0,0,6,C
480,1,36,0,2.0,0,1,8.0,2,6,A
481,0,55,1,4.0,0,1,0.0,0,6,C
482,1,52,1,2.0,2,1,0.0,0,6,C
483,1,52,1,3.0,6,1,7.0,0,6,C
484,0,41,1,1.0,0,1,1.0,2,6,A
485,0,36,1,1.0,2,1,2.552586938083121,2,6,C
486,0,37,0,1.0,2,0,7.0,2,6,A
487,0,40,0,2.0,5,0,1.0,2,5,C
488,1,38,1,2.0,6,1,2.552586938083121,0,6,A
489,1,25,0,3.0,1,0,0.0,2,6,D
490,0,33,0,4.0,2,1,1.0,2,6,A
491,1,26,0,1.0,0,1,1.0,2,6,B
492,0,28,0,1.0,3,0,0.0,2,6,D
493,1,18,0,6.0,8,0,0.0,2,6,D
494,1,52,0,3.0,3,0,0.0,2,6,D
495,1,26,0,2.0,5,1,0.0,2,6,A
496,1,18,0,4.0,5,0,0.0,2,6,D
497,0,20,0,2.0,8,0,1.0,2,6,D
498,0,36,1,3.0,1,1,0.0,0,6,A
499,1,27,1,2.0,1,1,8.0,0,2,A
500,1,21,0,5.0,5,0,2.552586938083121,2,3,D
501,1,27,0,4.0,3,1,8.0,2,6,D
502,0,28,0,2.8253778838504378,5,1,2.552586938083121,2,6,D
503,1,63,1,4.0,7,1,2.552586938083121,2,6,A
504,1,48,0,2.8253778838504378,3,1,2.552586938083121,2,6,A
505,1,80,1,2.0,7,1,1.0,2,6,A
506,0,71,1,3.0,7,1,7.0,1,6,A
507,1,47,1,4.0,1,0,8.0,1,4,D
508,0,22,0,4.0,0,0,1.0,2,6,D
509,1,35,1,2.0,0,1,2.552586938083121,1,6,A
510,0,40,0,6.0,3,0,2.552586938083121,2,6,D
511,0,18,0,2.8253778838504378,5,0,2.552586938083121,2,6,D
512,0,26,0,4.0,0,1,0.0,2,6,A
513,0,73,1,5.0,7,1,2.552586938083121,2,5,D
514,1,86,1,1.0,7,1,2.552586938083121,2,6,B
515,0,37,0,2.0,1,0,1.0,2,6,A
516,1,59,1,2.8253778838504378,3,1,2.552586938083121,2,6,A
517,0,28,0,1.0,6,0,8.0,2,2,D
518,0,29,1,3.0,0,1,9.0,2,4,A
519,0,37,1,3.0,8,1,7.0,0,4,B
520,0,46,1,3.0,8,1,2.552586938083121,0,4,A
521,1,39,0,1.0,3,1,6.0,2,4,A
522,0,33,0,1.0,6,0,8.0,2,4,D
523,0,32,0,2.0,1,1,2.552586938083121,2,6,A
524,0,32,0,2.0,1,0,6.0,2,6,A
525,0,25,1,1.0,6,0,8.0,2,6,D
526,0,48,1,2.0,6,1,9.0,0,6,C
527,0,27,0,1.0,6,0,8.0,2,6,D
528,0,49,0,1.0,0,1,1.0,2,4,C
529,0,33,1,5.0,2,1,8.0,0,2,D
530,0,33,0,6.0,2,0,7.0,2,2,D
531,1,39,1,3.0,0,1,0.0,2,4,A
532,1,50,1,4.0,3,1,0.0,0,4,C
533,0,84,1,2.8253778838504378,7,1,0.0,2,6,A
534,0,46,1,2.0,0,1,0.0,0,4,C
535,1,31,1,3.0,3,0,0.0,0,6,A
536,1,57,1,2.0,0,1,3.0,0,4,C
537,1,73,1,4.0,4,0,1.0,1,6,B
538,1,36,1,4.0,3,1,9.0,2,4,A
539,1,53,0,4.0,8,1,2.0,2,4,D
540,1,41,1,2.8253778838504378,3,1,9.0,0,0,D
541,0,53,0,2.8253778838504378,2,0,0.0,2,3,A
542,1,35,1,3.0,0,1,2.0,0,4,C
543,1,62,1,3.0,0,1,0.0,0,4,C
544,1,23,0,3.0,8,0,0.0,2,4,D
545,1,51,0,2.0,0,1,1.0,2,4,B
546,0,83,1,2.0,7,0,1.0,1,4,C
547,0,26,0,2.0,5,1,0.0,2,6,A
548,1,86,1,1.0,7,1,1.0,2,4,B
549,1,26,0,4.0,5,1,0.0,2,3,D
550,1,42,1,3.0,4,1,0.0,2,4,D
551,0,41,1,1.0,6,1,9.0,2,4,D
552,1,67,1,3.0,7,0,0.0,2,4,A
553,1,68,1,2.0,7,1,1.0,1,4,B
554,0,45,1,2.0,2,0,0.0,1,4,B
555,0,86,1,2.0,7,0,0.0,1,4,B
556,1,62,1,2.0,0,1,0.0,1,6,B
557,1,42,1,2.0,0,1,1.0,2,4,A
558,1,26,0,3.0,1,1,0.0,2,2,D
559,1,48,0,1.0,3,0,1.0,2,4,A
560,1,40,1,5.0,3,0,3.0,0,0,B
561,1,20,0,4.0,5,0,0.0,2,4,D
562,0,25,0,1.0,0,1,1.0,2,1,A
563,1,37,0,2.8253778838504378,0,1,1.0,2,4,A
564,1,77,1,1.0,7,1,1.0,2,4,C
565,1,50,1,2.0,5,1,2.552586938083121,2,4,A
566,0,22,0,4.0,8,0,0.0,2,4,D
567,1,26,0,3.0,0,1,1.0,2,4,B
568,1,71,1,3.0,1,0,0.0,0,4,B
569,1,50,1,2.0,0,1,2.552586938083121,2,4,C
570,1,29,0,1.0,3,0,1.0,2,2,A
571,1,51,1,4.0,3,1,2.552586938083121,2,4,A
572,1,52,1,4.0,0,1,6.0,0,4,C
573,1,20,0,3.0,5,0,1.0,2,6,D
574,1,26,0,9.0,1,1,0.0,2,2,D
575,1,37,0,2.8253778838504378,5,1,2.552586938083121,2,2,D
576,0,33,0,2.8253778838504378,5,1,2.552586938083121,2,4,D
577,0,39,1,2.0,0,1,0.0,2,2,B
578,0,53,1,5.0,0,0,1.0,0,4,C
579,1,49,1,4.0,3,0,0.0,0,4,B
580,1,21,0,2.0,5,0,0.0,2,6,D
581,1,39,1,1.0,6,0,8.0,2,4,D
582,0,38,1,4.0,0,0,2.0,0,6,C
583,1,22,0,4.0,5,0,4.0,2,4,D
584,1,52,1,4.0,0,0,2.0,0,4,C
585,1,40,0,3.0,3,1,2.552586938083121,2,4,A
586,1,20,0,3.0,1,0,8.0,2,4,D
587,1,41,0,3.0,4,1,1.0,2,4,A
588,1,30,0,1.0,0,1,1.0,2,6,B
589,0,89,1,3.0,7,1,1.0,1,4,A
590,1,83,1,3.0,7,0,1.0,1,4,A
591,1,53,1,3.0,0,1,0.0,0,4,C
592,1,31,0,5.0,1,0,1.0,2,0,D
593,1,48,1,4.0,0,1,1.0,0,4,C
594,0,29,0,2.0,1,0,0.0,2,4,D
595,1,87,1,1.0,7,1,0.0,2,4,B
596,1,19,0,7.0,2,0,4.0,2,4,D
597,1,60,1,2.0,3,0,1.0,2,4,A
598,1,23,0,2.0,5,0,1.0,2,6,D
599,1,61,1,4.0,4,1,9.0,1,4,C
600,0,27,0,3.0,0,1,1.0,2,4,A
601,1,32,1,2.0,1,0,14.0,0,6,A
602,1,79,1,2.0,7,1,0.0,1,4,A
603,1,19,0,4.0,5,0,1.0,2,4,D
604,1,42,1,3.0,4,1,0.0,1,2,B
605,1,76,1,1.0,7,0,1.0,2,4,D
606,0,41,1,2.0,8,0,1.0,0,4,D
607,1,38,1,4.0,3,1,0.0,0,4,C
608,1,43,1,3.0,3,1,0.0,0,2,B
609,1,19,0,3.0,5,0,1.0,2,5,D
610,0,28,0,3.0,5,1,1.0,2,3,D
611,1,56,1,4.0,0,1,0.0,0,4,C
612,1,28,0,3.0,2,1,0.0,2,6,D
613,1,60,1,2.0,8,0,1.0,1,6,A
614,0,55,0,2.8253778838504378,0,1,0.0,2,6,B
615,1,35,1,2.0,3,1,1.0,0,6,C
616,1,25,0,5.0,5,0,5.0,2,6,D
617,1,71,1,1.0,0,1,1.0,2,6,A
618,1,65,1,2.0,7,0,2.552586938083121,1,6,B
619,1,74,1,1.0,7,1,1.0,2,4,C
620,0,20,0,4.0,5,0,5.0,2,2,D
621,1,43,1,2.0,3,0,9.0,2,2,A
622,0,20,0,6.0,8,0,3.0,2,6,D
623,1,40,1,5.0,5,1,2.552586938083121,1,6,B
624,0,46,1,5.0,2,1,0.0,1,6,B
625,0,65,1,7.0,7,0,1.0,1,6,D
626,1,21,0,2.8253778838504378,5,0,0.0,2,2,D
627,1,50,1,7.0,5,0,1.0,2,2,D
628,1,18,0,5.0,5,0,0.0,2,2,D
629,0,61,1,7.0,1,1,1.0,2,3,B
630,1,49,1,3.0,0,1,1.0,1,4,B
631,1,39,1,4.0,4,0,2.552586938083121,1,6,B
632,0,52,1,2.0,7,0,1.0,1,4,D
633,1,56,1,5.0,4,1,0.0,1,4,C
634,1,55,1,6.0,4,1,2.552586938083121,2,6,A
635,1,42,1,5.0,2,0,1.0,0,6,B
636,0,33,0,6.0,6,0,0.0,2,6,D
637,1,19,0,4.0,5,0,8.0,2,5,D
638,0,27,0,1.0,2,0,1.0,2,6,D
639,0,38,1,4.0,0,1,1.0,0,6,C
640,0,38,0,4.0,0,0,1.0,2,6,A
641,0,43,1,1.0,1,1,8.0,2,4,A
642,1,53,1,4.0,0,1,1.0,0,6,C
643,1,33,1,4.0,4,0,4.0,1,6,D
644,0,30,0,2.8253778838504378,5,1,7.0,2,6,D
645,0,22,0,3.0,5,0,6.0,2,6,D
646,1,33,0,4.0,1,0,0.0,2,6,D
647,1,21,0,8.0,5,0,1.0,2,2,D
648,1,20,0,5.0,5,0,1.0,2,2,D
649,1,19,0,3.0,5,0,7.0,2,4,D
650,0,58,1,4.0,3,1,1.0,0,4,B
651,1,67,1,2.8253778838504378,0,1,1.0,1,4,B
652,0,36,1,2.0,3,1,1.0,2,6,A
653,0,30,0,2.8253778838504378,6,0,8.0,2,6,D
654,1,23,0,4.0,6,0,1.0,2,6,D
655,0,42,0,2.8253778838504378,3,1,1.0,2,6,A
656,0,37,0,3.0,8,0,8.0,2,6,D
657,0,58,1,4.0,3,0,9.0,2,6,B
658,0,26,1,2.0,2,0,7.0,0,6,A
659,1,39,0,2.0,3,1,9.0,2,6,A
660,0,23,0,4.0,8,0,2.552586938083121,2,6,D
661,1,41,1,4.0,4,0,8.0,0,5,B
662,1,26,1,3.0,3,0,0.0,2,6,D
663,0,25,1,3.0,2,0,3.0,2,6,D
664,1,19,0,4.0,5,0,2.552586938083121,2,6,D
665,1,36,0,5.0,4,0,0.0,2,6,D
666,1,29,0,4.0,5,0,9.0,2,6,D
667,1,26,0,1.0,8,0,1.0,2,6,D
668,0,78,0,1.0,7,1,2.552586938083121,2,4,D
669,0,55,0,1.0,0,1,2.552586938083121,2,4,C
670,1,26,0,3.0,5,1,2.552586938083121,2,0,D
671,0,46,0,1.0,3,1,0.0,2,4,A
672,1,29,0,4.0,5,0,0.0,2,4,C
673,0,36,0,1.0,0,1,10.0,2,4,A
674,1,27,1,6.0,4,0,1.0,2,4,D
675,0,29,0,3.0,4,0,8.0,2,4,D
676,0,25,0,4.0,8,0,1.0,2,4,B
677,0,30,0,6.0,8,0,10.0,2,4,D
678,1,45,1,2.0,0,1,1.0,2,4,B
679,0,21,0,2.8253778838504378,4,0,0.0,2,6,D
680,0,41,1,2.8253778838504378,4,1,2.552586938083121,1,6,A
681,1,38,1,2.8253778838504378,3,1,2.552586938083121,2,6,D
682,0,28,0,1.0,5,1,9.0,2,4,D
683,1,33,0,5.0,1,1,1.0,2,0,A
684,1,31,1,2.0,5,1,7.0,2,4,D
685,1,45,1,2.0,5,1,0.0,2,4,A
686,1,47,1,5.0,8,1,0.0,2,4,D
687,0,39,0,1.0,5,0,0.0,2,4,D
688,0,47,0,2.8253778838504378,8,1,1.0,2,4,D
689,0,53,1,1.0,1,1,0.0,2,6,A
690,1,27,0,4.0,1,0,1.0,2,2,D
691,1,37,1,2.0,2,1,1.0,0,2,B
692,0,62,1,3.0,0,1,1.0,0,2,C
693,0,29,0,7.0,2,0,0.0,2,2,A
694,0,51,1,1.0,0,1,0.0,2,2,A
695,1,30,0,6.0,8,0,1.0,2,2,D
696,1,18,0,4.0,3,0,0.0,2,2,D
697,0,87,1,2.0,7,1,2.552586938083121,1,4,C
698,1,68,1,2.0,8,1,0.0,2,3,D
699,1,84,1,1.0,7,1,5.0,2,4,A
700,1,22,0,9.0,5,0,2.0,2,0,D
701,0,22,0,4.0,1,0,2.0,2,4,D
702,1,21,0,3.0,5,0,1.0,2,4,D
703,0,89,1,2.0,7,0,2.552586938083121,1,6,D
704,1,73,1,2.0,7,0,0.0,1,4,B
705,0,75,1,2.0,7,1,0.0,1,4,B
706,0,20,0,4.0,1,0,6.0,2,0,D
707,1,22,0,2.0,5,0,1.0,2,4,D
708,0,22,0,4.0,5,0,0.0,2,4,D
709,1,63,1,2.8253778838504378,0,1,0.0,0,4,C
710,1,46,1,3.0,0,1,1.0,0,4,C
711,1,58,1,2.0,0,0,0.0,0,4,C
712,0,41,0,3.0,0,1,1.0,2,4,A
713,1,42,1,2.0,0,1,0.0,0,4,C
714,0,43,1,2.0,5,1,6.0,0,4,C
715,0,49,0,1.0,0,1,3.0,2,4,C
716,0,40,0,1.0,0,1,0.0,2,4,A
717,1,53,1,2.0,4,0,8.0,1,4,A
718,1,36,1,2.0,0,1,4.0,0,3,C
719,1,50,1,2.0,0,1,8.0,2,4,C
720,1,42,1,1.0,5,1,1.0,2,4,D
721,1,30,0,4.0,5,0,0.0,2,0,C
722,1,29,0,5.0,5,0,2.0,2,0,D
723,1,28,0,2.0,3,1,1.0,2,4,A
724,1,27,0,4.0,5,1,1.0,2,4,D
725,1,49,0,1.0,0,1,0.0,2,4,B
726,1,32,0,1.0,5,1,1.0,2,4,D
727,1,25,0,3.0,1,1,1.0,2,4,D
728,0,63,1,1.0,0,1,2.552586938083121,2,4,C
729,0,42,0,1.0,0,1,8.0,2,4,B
730,1,31,0,2.8253778838504378,5,1,1.0,2,1,D
731,1,71,1,2.0,0,1,0.0,1,4,B
732,1,20,0,5.0,5,0,2.552586938083121,2,0,D
733,1,22,0,4.0,5,0,1.0,2,4,D
734,0,29,0,5.0,3,1,1.0,2,4,C
735,1,47,1,3.0,8,1,0.0,2,4,D
736,1,43,1,3.0,0,1,2.552586938083121,0,4,B
737,1,32,0,3.0,0,1,1.0,2,2,A
738,1,47,1,2.0,0,1,7.0,0,4,C
739,1,46,0,1.0,0,1,0.0,2,4,B
740,0,41,1,2.0,0,1,1.0,0,4,C
741,1,37,1,2.0,3,1,0.0,0,4,C
742,1,40,1,2.0,0,1,0.0,0,4,C
743,1,60,1,4.0,0,1,0.0,0,4,C
744,1,46,1,6.0,0,1,0.0,0,0,C
745,0,36,1,4.0,0,1,6.0,1,3,B
746,0,38,0,1.0,8,0,0.0,2,4,D
747,0,32,1,5.0,1,0,0.0,2,4,D
748,0,41,0,1.0,0,1,5.0,2,4,C
749,1,56,1,3.0,8,1,0.0,2,4,D
750,1,31,1,2.0,0,1,8.0,0,4,B
751,1,45,1,2.0,0,0,0.0,2,3,B
752,1,69,1,3.0,3,1,2.552586938083121,0,4,C
753,1,37,1,2.0,0,1,0.0,2,4,C
754,1,47,1,4.0,0,1,1.0,0,0,C
755,0,52,1,3.0,0,1,1.0,0,4,C
756,0,57,1,3.0,0,1,1.0,1,4,C
757,0,50,0,1.0,0,1,9.0,2,4,C
758,1,27,1,2.0,2,0,0.0,0,4,D
759,0,45,1,3.0,2,1,1.0,1,4,B
760,0,30,0,2.0,0,1,8.0,2,4,B
761,1,45,1,2.0,0,1,0.0,2,4,C
762,1,30,0,4.0,5,0,1.0,2,4,D
763,1,31,1,3.0,3,1,1.0,0,4,A
764,0,45,1,4.0,0,1,1.0,0,6,C
765,1,67,1,2.0,0,1,0.0,1,4,B
766,1,76,1,2.0,4,0,1.0,1,4,B
767,1,69,1,2.0,3,1,0.0,2,4,A
768,1,83,1,2.0,3,0,0.0,2,4,D
769,1,38,1,2.0,2,1,0.0,2,4,D
770,1,36,1,1.0,0,1,0.0,2,4,B
771,1,41,0,2.0,0,1,2.0,2,0,A
772,0,69,1,3.0,7,0,0.0,2,4,A
773,0,33,0,3.0,2,1,0.0,2,4,A
774,1,38,0,3.0,0,1,1.0,2,3,A
775,0,48,1,2.0,2,1,1.0,0,4,C
776,1,51,1,2.0,2,1,2.0,0,4,C
777,1,56,1,2.0,4,1,1.0,1,4,C
778,1,57,1,3.0,0,1,0.0,0,4,C
779,0,49,1,3.0,0,1,1.0,0,4,B
780,1,30,0,3.0,5,1,0.0,2,4,D
781,0,40,1,2.0,1,1,8.0,0,4,C
782,0,30,0,2.8253778838504378,0,1,0.0,2,4,A
783,1,38,1,2.0,3,0,0.0,0,4,A
784,0,31,0,5.0,5,1,8.0,2,4,D
785,1,33,0,2.0,1,1,0.0,2,4,B
786,1,50,0,2.0,0,1,0.0,2,4,B
787,1,52,1,3.0,4,1,2.552586938083121,1,4,C
788,0,39,1,2.8253778838504378,0,1,0.0,0,0,C
789,1,73,1,2.0,4,1,0.0,1,4,C
790,1,46,1,3.0,0,1,0.0,0,4,C
791,1,50,1,2.0,0,1,0.0,2,3,B
792,1,30,0,6.0,5,0,0.0,2,4,D
793,0,60,1,2.0,1,1,0.0,0,4,C
794,0,39,1,2.0,6,1,9.0,0,4,B
795,0,59,1,2.0,0,1,1.0,0,1,C
796,0,51,1,2.0,0,1,0.0,0,4,C
797,0,40,1,2.0,0,1,5.0,0,0,C
798,1,23,0,3.0,5,0,1.0,2,4,D
799,1,53,1,4.0,0,1,4.0,0,0,C
800,1,32,0,5.0,5,0,7.0,2,4,D
801,1,52,1,4.0,4,1,0.0,1,4,C
802,0,31,0,1.0,2,1,0.0,2,4,A
803,1,30,0,4.0,5,1,3.0,2,4,D
804,1,25,0,3.0,5,1,8.0,2,3,D
805,1,40,1,4.0,4,1,1.0,1,4,B
806,0,27,0,4.0,5,1,4.0,2,4,D
807,1,61,1,2.0,0,1,0.0,2,4,B
808,0,33,0,1.0,2,1,1.0,2,2,A
809,1,28,0,4.0,1,1,1.0,2,2,D
810,0,48,1,2.0,0,1,2.0,0,4,C
811,0,73,1,2.0,0,1,0.0,1,4,C
812,1,36,1,2.0,0,0,0.0,0,1,B
813,0,32,0,4.0,5,0,0.0,2,4,D
814,1,82,1,2.0,7,0,0.0,1,4,B
815,1,28,0,3.0,0,1,1.0,2,2,B
816,0,42,0,3.0,0,1,8.0,2,0,A
817,0,60,1,9.0,7,1,6.0,1,4,B
818,0,46,0,1.0,0,1,1.0,2,2,B
819,1,31,0,3.0,1,0,0.0,2,4,D
820,0,50,1,1.0,0,1,1.0,2,3,A
821,0,30,0,1.0,2,1,3.0,2,2,A
822,0,49,0,3.0,0,1,1.0,2,4,C
823,0,51,1,6.0,1,1,0.0,0,2,B
824,0,46,1,3.0,0,1,2.552586938083121,0,4,C
825,1,53,1,4.0,0,1,0.0,0,4,C
826,1,65,1,2.0,0,1,0.0,1,4,B
827,0,22,0,5.0,5,0,0.0,2,4,D
828,1,65,1,3.0,1,1,1.0,0,4,C
829,0,39,1,2.0,2,1,0.0,0,2,B
830,1,84,1,2.0,0,1,0.0,1,4,C
831,1,37,0,1.0,0,1,0.0,2,4,B
832,1,28,1,2.0,1,1,8.0,0,4,A
833,0,82,1,2.0,7,0,0.0,1,4,B
834,0,87,1,2.0,7,1,0.0,1,4,C
835,0,69,0,5.0,7,1,1.0,2,4,A
836,0,51,1,5.0,0,1,2.552586938083121,1,4,C
837,0,74,1,1.0,7,1,1.0,2,4,C
838,0,79,1,2.0,7,1,1.0,1,4,B
839,0,21,0,1.0,7,0,9.0,2,4,D
840,0,20,0,5.0,5,0,5.0,2,0,D
841,0,43,0,1.0,1,1,3.0,2,0,B
842,0,25,0,3.0,5,0,1.0,2,4,A
843,1,43,0,4.0,0,1,0.0,2,4,A
844,0,42,0,1.0,0,1,1.0,2,4,A
845,1,25,0,4.0,1,1,10.0,2,4,D
846,1,59,1,1.0,0,1,0.0,2,6,B
847,0,49,0,5.0,8,1,0.0,2,4,A
848,0,32,0,4.0,1,0,1.0,2,4,D
849,1,36,1,2.0,0,1,8.0,1,4,C
850,1,45,1,3.0,8,1,9.0,2,4,D
851,1,29,0,3.0,5,1,2.552586938083121,2,4,D
852,1,37,1,2.0,0,1,0.0,2,4,C
853,0,48,1,4.0,1,1,1.0,0,4,B
854,0,65,0,2.0,0,1,0.0,2,0,B
855,1,39,0,2.0,8,0,1.0,2,4,D
856,1,25,0,7.0,3,0,1.0,2,2,D
857,0,49,1,5.0,0,0,5.0,2,4,C
858,0,77,1,2.0,7,1,1.0,1,4,B
859,0,38,0,1.0,0,1,9.0,2,4,B
860,1,19,0,6.0,8,1,0.0,2,2,D
861,0,76,1,2.0,7,1,1.0,1,4,B
862,1,28,0,4.0,1,1,0.0,2,4,D
863,1,51,1,3.0,1,1,1.0,0,6,C
864,0,28,0,5.0,1,1,0.0,2,3,D
865,0,42,0,1.0,5,1,0.0,2,0,D
866,1,45,1,1.0,0,1,1.0,2,4,A
867,1,63,1,3.0,4,1,6.0,1,4,C
868,0,18,0,6.0,1,0,0.0,2,4,D
869,1,26,0,4.0,0,1,7.0,2,4,D
870,1,31,1,2.0,0,1,2.552586938083121,0,0,B
871,1,43,0,4.0,3,1,5.0,2,0,A
872,0,60,1,2.8253778838504378,0,1,7.0,2,4,C
873,0,36,0,1.0,0,1,0.0,2,4,A
874,1,32,0,4.0,5,0,1.0,2,0,C
875,1,68,1,1.0,7,1,2.552586938083121,2,4,A
876,1,60,1,1.0,3,1,1.0,2,4,A
877,0,42,0,1.0,0,1,0.0,2,2,A
878,0,18,0,5.0,5,0,6.0,2,4,D
879,1,69,1,2.0,7,0,0.0,1,4,B
880,0,42,0,2.8253778838504378,1,1,0.0,2,4,A
881,0,70,1,1.0,0,1,1.0,2,4,C
882,1,25,0,3.0,5,1,1.0,2,4,D
883,1,56,1,3.0,3,1,1.0,0,4,B
884,0,40,0,1.0,0,1,9.0,2,4,B
885,1,23,0,6.0,5,0,1.0,2,4,D
886,0,20,0,4.0,8,0,3.0,2,3,C
887,0,39,0,1.0,3,1,2.0,2,4,A
888,0,19,0,4.0,5,0,0.0,2,4,D
889,1,28,0,2.8253778838504378,3,1,2.552586938083121,2,1,D
890,1,40,1,2.0,2,0,1.0,0,4,B
891,0,60,1,4.0,2,1,1.0,0,0,B
892,1,33,0,4.0,5,0,3.0,2,4,D
893,1,20,1,2.0,1,0,14.0,2,4,D
894,0,35,0,4.0,0,0,7.0,2,4,C
895,1,27,0,5.0,1,1,0.0,2,4,D
896,0,42,1,2.0,0,1,1.0,0,4,C
897,1,30,1,4.0,8,0,0.0,2,2,D
898,0,56,1,2.0,4,1,0.0,0,4,C
899,1,28,1,2.0,3,1,0.0,0,4,A
900,0,38,1,2.0,0,1,6.0,0,4,C
901,1,26,0,1.0,3,1,9.0,2,0,A
902,1,36,0,1.0,2,0,0.0,2,4,A
903,1,56,0,1.0,3,0,0.0,2,4,A
904,1,26,0,1.0,3,1,0.0,2,4,A
905,1,28,0,4.0,0,1,4.0,2,4,A
906,1,32,0,5.0,5,0,0.0,2,4,D
907,0,52,0,1.0,0,1,4.0,2,4,C
908,0,23,0,4.0,5,0,0.0,2,4,D
909,1,23,0,5.0,5,0,2.552586938083121,2,2,D
910,1,50,1,2.0,0,1,0.0,2,4,B
911,1,26,1,2.0,0,1,2.552586938083121,2,4,B
912,1,40,1,2.0,3,1,8.0,2,4,A
913,0,53,1,2.0,0,1,1.0,0,4,C
914,1,63,1,3.0,0,1,0.0,0,3,C
915,1,62,1,3.0,4,1,0.0,1,4,C
916,0,38,0,1.0,0,1,1.0,2,4,A
917,0,57,1,2.0,0,0,1.0,0,0,B
918,0,43,0,1.0,0,1,9.0,2,4,B
919,1,21,0,3.0,8,0,1.0,2,2,D
920,1,22,0,5.0,5,0,0.0,2,4,D
921,1,68,1,1.0,0,1,1.0,2,4,B
922,0,28,0,1.0,5,1,0.0,2,4,D
923,1,33,1,2.0,0,1,0.0,0,4,B
924,0,38,0,1.0,0,1,8.0,2,4,B
925,1,23,0,5.0,5,0,0.0,2,2,D
926,0,41,0,1.0,5,1,2.552586938083121,2,4,A
927,0,41,0,1.0,6,1,2.552586938083121,2,2,A
928,0,39,0,1.0,1,1,4.0,2,4,A
929,0,49,1,2.0,3,0,9.0,1,4,A
930,0,33,1,2.0,6,1,2.552586938083121,0,4,D
931,1,79,1,1.0,7,0,0.0,2,4,A
932,1,38,1,4.0,0,1,6.0,0,4,C
933,1,21,0,4.0,5,0,1.0,2,4,D
934,0,68,1,2.0,1,1,0.0,0,4,C
935,1,31,0,3.0,0,1,0.0,2,4,A
936,1,46,1,3.0,0,0,1.0,2,6,A
937,1,35,1,2.0,0,1,9.0,0,4,C
938,0,42,0,3.0,0,1,8.0,2,0,A
939,1,87,1,1.0,7,0,0.0,2,4,A
940,0,38,0,1.0,0,1,8.0,2,4,B
941,0,88,1,1.0,7,0,2.0,1,4,D
942,0,42,0,1.0,0,1,9.0,2,4,B
943,0,26,1,2.0,0,1,4.0,0,6,C
944,1,35,1,3.0,4,1,0.0,1,4,A
945,0,41,1,2.0,2,0,3.0,1,4,D
946,1,37,1,2.0,1,1,1.0,0,5,C
947,0,41,1,4.0,2,1,8.0,0,2,B
948,1,35,0,5.0,0,1,6.0,2,0,A
949,0,33,0,9.0,8,1,0.0,2,3,D
950,0,61,1,4.0,2,1,2.0,0,0,B
951,0,19,0,3.0,1,0,1.0,2,5,D
952,0,50,0,1.0,0,1,4.0,2,4,C
953,0,48,1,4.0,2,0,0.0,0,2,B
954,1,57,1,3.0,8,0,1.0,0,2,B
955,0,72,1,3.0,2,0,1.0,0,2,B
956,0,39,0,2.8253778838504378,2,0,4.0,2,6,D
957,0,49,1,3.0,1,1,0.0,2,2,B
958,0,41,0,4.0,3,1,0.0,2,2,A
959,1,65,1,7.0,4,0,2.0,1,2,A
960,0,22,0,3.0,8,0,0.0,2,2,D
961,0,23,0,4.0,5,0,0.0,2,2,D
962,0,41,1,1.0,0,0,0.0,2,2,A
963,0,42,1,3.0,2,1,0.0,2,2,B
964,1,18,0,3.0,5,0,0.0,2,2,D
965,1,49,1,2.0,1,0,1.0,2,2,A
966,0,40,1,2.0,1,0,0.0,2,2,A
967,1,50,1,5.0,4,0,1.0,0,2,B
968,0,19,0,3.0,5,0,6.0,2,2,D
969,1,22,0,6.0,5,0,0.0,2,2,D
970,1,23,0,8.0,0,0,1.0,2,2,D
971,1,27,0,6.0,0,1,4.0,2,2,D
972,1,55,1,8.0,4,0,0.0,1,2,A
973,1,32,1,6.0,0,0,1.0,0,2,D
974,1,57,1,2.0,3,0,2.552586938083121,2,6,A
975,1,80,1,2.0,7,0,0.0,1,4,B
976,1,43,1,4.0,4,0,0.0,2,4,A
977,0,79,1,2.0,7,0,1.0,1,4,D
978,1,25,0,3.0,3,0,1.0,2,4,D
979,0,58,1,4.0,6,1,0.0,0,4,B
980,0,78,1,2.0,7,1,2.552586938083121,1,4,C
981,1,76,1,2.0,7,1,1.0,2,4,D
982,1,27,0,3.0,5,0,1.0,2,4,C
983,1,47,1,3.0,0,1,1.0,0,4,C
984,1,43,1,2.0,0,1,1.0,0,4,C
985,1,31,0,4.0,5,1,1.0,2,4,D
986,1,27,0,7.0,5,0,0.0,2,4,A
987,1,31,0,4.0,5,1,0.0,2,4,D
988,1,46,1,2.0,0,1,1.0,2,4,B
989,1,48,1,4.0,4,1,1.0,0,4,C
990,1,51,1,2.0,1,1,2.552586938083121,2,4,A
991,1,57,1,2.0,1,0,0.0,0,4,B
992,0,30,0,1.0,1,1,0.0,2,4,A
993,0,37,0,3.0,8,1,2.552586938083121,2,4,D
994,0,31,0,2.0,0,1,14.0,2,4,B
995,1,49,1,3.0,0,1,1.0,0,4,C
996,1,56,1,4.0,0,1,1.0,2,2,B
997,1,83,1,2.0,7,0,8.0,1,4,B
998,1,32,0,1.0,5,1,2.552586938083121,2,4,D
999,1,63,1,4.0,0,1,5.0,0,4,C
1000,0,71,1,2.0,1,1,1.0,0,4,C
1001,1,50,1,4.0,0,0,0.0,2,4,A
1002,1,31,0,5.0,0,1,4.0,2,4,A
1003,1,60,1,6.0,3,0,0.0,0,4,B
1004,0,71,1,2.0,7,1,8.0,1,4,C
1005,1,49,1,6.0,1,1,0.0,0,2,B
1006,1,74,1,1.0,7,1,9.0,2,4,A
1007,1,51,1,6.0,0,1,1.0,0,4,C
1008,1,61,1,2.8253778838504378,3,0,0.0,2,4,A
1009,1,46,0,3.0,2,1,0.0,2,4,A
1010,1,39,1,2.0,1,0,2.0,0,4,A
1011,1,85,1,2.0,7,1,1.0,1,4,A
1012,0,31,1,2.0,0,1,1.0,0,4,B
1013,1,39,1,3.0,4,1,4.0,1,4,B
1014,0,48,1,2.0,1,0,1.0,1,4,B
1015,1,71,1,2.0,7,1,0.0,1,4,B
1016,0,31,0,1.0,5,1,2.552586938083121,2,3,D
1017,0,32,0,5.0,5,1,0.0,2,4,D
1018,0,55,1,1.0,2,0,0.0,2,4,B
1019,1,46,1,2.0,0,1,0.0,1,4,B
1020,1,53,1,2.0,1,1,2.552586938083121,0,4,C
1021,1,50,1,4.0,0,1,0.0,0,4,C
1022,1,45,0,1.0,0,1,1.0,2,4,A
1023,1,33,1,2.0,4,0,1.0,0,2,D
1024,0,29,1,2.0,2,0,5.0,2,4,A
1025,1,35,0,1.0,0,1,8.0,2,4,A
1026,1,25,0,1.0,1,0,1.0,2,4,D
1027,1,26,0,3.0,5,1,0.0,2,4,D
1028,1,48,0,2.0,0,1,1.0,2,4,B
1029,1,66,1,3.0,7,0,0.0,1,4,B
1030,0,38,1,3.0,0,0,0.0,2,4,C
1031,1,65,1,3.0,3,1,2.0,0,4,C
1032,1,87,1,1.0,7,0,1.0,2,4,A
1033,1,20,0,3.0,5,0,1.0,2,4,D
1034,1,19,0,4.0,5,0,0.0,2,4,D
1035,1,22,0,4.0,5,0,9.0,2,4,D
1036,1,18,0,2.8253778838504378,5,0,0.0,2,4,D
1037,1,18,0,9.0,8,0,1.0,2,4,D
1038,1,19,0,2.8253778838504378,5,0,0.0,2,2,D
1039,1,19,0,3.0,5,0,1.0,2,0,D
1040,1,22,0,8.0,5,0,0.0,2,4,D
1041,1,31,0,4.0,5,0,4.0,2,4,D
1042,1,63,1,2.0,0,0,0.0,0,4,C
1043,1,43,0,1.0,0,1,1.0,2,4,A
1044,1,73,0,2.8253778838504378,2,0,0.0,2,2,A
1045,0,39,1,2.0,2,0,0.0,2,4,A
1046,1,31,0,5.0,5,1,1.0,2,4,D
1047,1,31,0,5.0,0,1,0.0,2,4,D
1048,1,43,1,4.0,0,0,0.0,0,0,B
1049,1,52,1,3.0,0,0,0.0,0,4,C
1050,0,63,1,3.0,1,1,0.0,0,4,B
1051,1,51,1,4.0,4,1,1.0,1,4,C
1052,1,35,1,7.0,5,1,1.0,2,2,D
1053,0,32,1,2.0,3,0,2.552586938083121,0,2,A
1054,0,39,1,4.0,6,1,9.0,1,4,A
1055,0,25,0,6.0,5,0,1.0,2,1,B
1056,1,20,0,5.0,5,0,0.0,2,2,D
1057,0,33,0,1.0,6,0,9.0,2,4,D
1058,1,36,1,5.0,4,0,0.0,0,2,A
1059,0,35,1,2.0,1,1,2.552586938083121,2,4,B
1060,0,42,1,2.0,0,1,1.0,0,4,C
1061,0,52,1,5.0,0,1,2.0,0,4,C
1062,0,42,1,2.0,2,1,1.0,2,4,B
1063,0,57,1,2.0,6,0,2.552586938083121,1,4,B
1064,0,30,0,3.0,3,1,1.0,2,4,D
1065,0,73,1,2.0,7,1,1.0,1,4,B
1066,1,66,1,2.0,2,1,3.0,1,4,C
1067,0,62,1,5.0,0,1,9.0,0,0,C
1068,0,36,1,1.0,0,1,4.0,2,6,A
1069,1,33,0,3.0,2,0,0.0,2,2,D
1070,1,28,0,8.0,5,0,0.0,2,2,D
1071,0,48,1,2.0,0,1,3.0,0,4,C
1072,0,53,1,2.0,0,1,1.0,0,4,C
1073,0,27,1,2.8253778838504378,1,0,1.0,2,6,C
1074,0,71,1,2.0,8,0,0.0,1,2,D
1075,1,35,1,2.0,0,1,9.0,0,2,B
1076,0,41,0,1.0,0,1,0.0,2,2,A
1077,0,39,1,4.0,3,0,0.0,2,2,A
1078,0,79,1,2.0,7,0,1.0,1,2,B
1079,0,29,0,8.0,2,0,9.0,2,2,A
1080,0,33,0,7.0,0,1,7.0,2,2,A
1081,0,31,0,2.8253778838504378,5,0,0.0,2,2,D
1082,1,25,1,3.0,2,0,4.0,0,2,D
1083,0,43,1,3.0,2,0,2.0,0,2,D
1084,0,52,1,1.0,1,0,4.0,2,2,A
1085,1,41,1,7.0,4,0,0.0,1,2,A
1086,0,27,1,6.0,1,0,2.552586938083121,1,2,D
1087,0,39,1,5.0,2,0,1.0,0,2,B
1088,1,32,0,7.0,1,0,3.0,2,2,D
1089,1,19,0,5.0,5,0,1.0,2,2,D
1090,1,58,1,2.8253778838504378,0,0,1.0,1,2,A
1091,1,30,0,3.0,0,1,1.0,2,2,A
1092,0,31,0,6.0,2,1,0.0,2,2,A
1093,0,43,1,4.0,2,0,2.552586938083121,0,2,A
1094,0,63,1,6.0,8,0,2.552586938083121,0,2,D
1095,0,37,1,3.0,2,1,2.552586938083121,0,2,B
1096,1,37,1,6.0,0,0,0.0,0,2,A
1097,0,31,1,2.0,6,1,9.0,0,4,A
1098,0,38,0,1.0,0,1,4.0,2,4,B
1099,0,41,1,6.0,3,1,2.552586938083121,1,4,A
1100,0,45,1,3.0,0,1,3.0,0,4,B
1101,1,35,1,4.0,1,1,2.552586938083121,0,4,B
1102,0,43,1,5.0,2,0,1.0,2,5,A
1103,0,33,0,3.0,5,0,2.552586938083121,2,2,D
1104,1,26,0,3.0,6,0,14.0,2,6,D
1105,0,39,1,2.0,0,0,2.552586938083121,0,4,B
1106,1,49,1,2.0,0,0,1.0,1,4,C
1107,1,47,1,2.0,0,0,0.0,0,4,C
1108,1,53,1,4.0,3,0,1.0,0,2,A
1109,1,52,1,5.0,4,1,5.0,1,4,C
1110,0,66,1,2.0,7,0,0.0,0,4,C
1111,1,26,0,2.0,3,0,6.0,2,2,D
1112,1,38,1,5.0,8,1,2.552586938083121,2,4,D
1113,0,25,0,4.0,6,0,2.552586938083121,2,4,D
1114,0,53,1,2.0,0,0,8.0,0,4,B
1115,0,87,1,2.0,7,0,0.0,1,4,B
1116,1,28,0,2.0,5,0,1.0,2,4,D
1117,0,37,1,3.0,0,1,7.0,1,4,C
1118,0,42,1,1.0,0,1,2.552586938083121,2,4,A
1119,0,25,1,2.0,0,0,1.0,0,5,D
1120,0,33,1,3.0,2,0,6.0,2,4,A
1121,0,33,0,3.0,5,1,2.552586938083121,2,0,D
1122,1,46,1,2.0,0,1,1.0,2,4,B
1123,1,33,0,4.0,5,0,2.0,2,6,D
1124,1,26,0,3.0,3,0,1.0,2,4,D
1125,1,32,0,4.0,1,0,6.0,2,4,D
1126,0,25,0,1.0,5,0,2.552586938083121,2,4,D
1127,0,18,0,2.8253778838504378,5,0,1.0,2,4,D
1128,0,22,0,4.0,2,0,0.0,2,4,D
1129,1,19,0,4.0,5,0,2.0,2,4,D
1130,1,46,1,4.0,0,1,0.0,1,4,B
1131,1,19,0,4.0,5,0,4.0,2,4,D
1132,1,45,1,3.0,0,1,0.0,0,4,C
1133,0,52,1,3.0,2,1,1.0,0,4,B
1134,0,42,1,5.0,2,1,2.552586938083121,0,6,B
1135,1,47,1,3.0,3,0,1.0,0,6,B
1136,1,45,1,4.0,6,0,2.552586938083121,0,4,B
1137,1,32,0,2.8253778838504378,5,0,2.552586938083121,2,1,D
1138,1,41,1,3.0,4,0,5.0,1,2,A
1139,0,28,0,1.0,6,1,2.552586938083121,2,4,D
1140,1,37,1,4.0,4,0,9.0,1,4,A
1141,0,20,1,2.0,2,0,8.0,0,1,C
1142,0,73,1,1.0,7,1,3.0,2,4,A
1143,1,51,1,3.0,0,1,0.0,0,4,C
1144,1,18,1,4.0,2,1,2.552586938083121,0,4,A
1145,1,42,1,3.0,2,0,1.0,0,2,A
1146,1,20,0,3.0,5,0,1.0,2,6,D
1147,0,23,0,3.0,1,0,0.0,2,6,A
1148,1,31,1,2.0,6,1,2.0,2,5,D
1149,0,33,1,3.0,6,1,1.0,2,1,B
1150,1,21,0,6.0,5,0,9.0,2,4,D
1151,1,51,1,7.0,1,1,5.0,0,4,C
1152,1,47,1,4.0,0,1,0.0,0,4,C
1153,1,20,0,4.0,5,0,0.0,2,4,D
1154,1,21,0,2.0,5,0,0.0,2,4,D
1155,1,22,0,3.0,5,0,1.0,2,4,D
1156,0,32,0,4.0,2,1,9.0,2,4,D
1157,0,30,0,1.0,5,1,8.0,2,4,D
1158,1,61,1,1.0,1,1,1.0,2,4,A
1159,1,43,1,4.0,3,0,0.0,0,2,A
1160,1,25,0,1.0,1,1,8.0,2,4,D
1161,1,46,1,3.0,3,0,0.0,0,4,B
1162,0,53,1,2.0,2,0,12.0,2,6,A
1163,1,55,1,2.0,1,1,0.0,1,4,C
1164,0,42,1,3.0,2,0,0.0,2,4,A
1165,0,26,0,1.0,8,1,11.0,2,4,D
1166,1,29,0,3.0,5,0,0.0,2,4,C
1167,1,39,1,4.0,0,1,4.0,0,6,C
1168,1,38,1,3.0,0,1,1.0,0,4,C
1169,1,69,1,2.0,3,1,2.552586938083121,0,4,C
1170,0,25,0,3.0,0,0,6.0,2,4,D
1171,0,26,0,4.0,0,1,4.0,2,4,C
1172,1,51,1,5.0,4,0,0.0,1,4,B
1173,1,30,1,2.0,6,0,8.0,0,4,D
1174,0,28,1,2.0,6,0,2.552586938083121,0,6,A
1175,0,33,0,2.0,6,0,8.0,2,4,D
1176,0,41,0,1.0,2,1,2.552586938083121,2,4,A
1177,1,71,0,2.0,7,0,2.552586938083121,2,4,D
1178,1,42,1,3.0,4,1,5.0,1,4,B
1179,1,71,1,1.0,7,1,2.0,2,4,A
1180,1,35,1,5.0,0,0,6.0,0,4,B
1181,1,28,0,5.0,8,0,0.0,2,4,D
1182,1,31,1,2.0,0,1,1.0,0,6,C
1183,1,43,1,3.0,0,1,2.0,0,4,C
1184,0,77,1,2.0,7,0,0.0,1,4,B
1185,0,71,1,1.0,2,1,0.0,2,4,C
1186,0,47,1,2.0,2,1,0.0,0,4,C
1187,0,26,0,1.0,6,0,9.0,2,4,D
1188,1,40,1,4.0,1,0,4.0,0,4,B
1189,0,72,1,2.0,7,1,0.0,1,4,A
1190,0,73,1,2.0,0,1,1.0,1,4,C
1191,1,26,0,6.0,5,1,1.0,2,6,D
1192,0,57,1,3.0,2,1,2.552586938083121,1,6,B
1193,1,30,1,3.0,0,0,2.552586938083121,0,4,B
1194,0,36,1,3.0,0,0,2.552586938083121,0,4,B
1195,1,52,1,4.0,3,0,10.0,0,4,B
1196,1,42,1,2.0,0,1,3.0,0,4,C
1197,1,52,1,1.0,2,0,2.552586938083121,2,4,A
1198,1,28,1,3.0,0,1,0.0,0,5,B
1199,0,43,1,1.0,6,0,7.0,2,4,A
1200,1,43,0,1.0,0,1,2.552586938083121,2,4,A
1201,1,25,0,4.0,1,0,0.0,2,4,D
1202,1,52,1,3.0,4,1,1.0,1,4,C
1203,0,28,0,1.0,6,1,9.0,2,4,D
1204,1,56,1,4.0,3,1,0.0,0,4,C
1205,1,38,1,7.0,4,0,12.0,1,4,B
1206,1,83,1,2.0,7,0,1.0,1,4,A
1207,1,82,1,2.0,7,1,2.552586938083121,1,4,A
1208,1,32,1,2.8253778838504378,6,1,8.0,2,4,D
1209,0,35,0,1.0,6,1,12.0,2,4,D
1210,1,40,1,2.0,8,1,0.0,2,4,D
1211,0,25,0,1.0,6,1,13.0,2,4,D
1212,0,39,1,3.0,0,1,2.552586938083121,0,4,B
1213,1,25,0,1.0,0,1,7.0,2,4,A
1214,1,52,1,4.0,0,1,0.0,2,4,B
1215,1,33,0,4.0,0,0,0.0,2,1,A
1216,1,28,0,3.0,0,1,6.0,2,4,A
1217,0,43,0,1.0,0,1,0.0,2,4,A
1218,1,30,0,2.8253778838504378,0,1,8.0,2,1,A
1219,0,84,1,2.0,7,1,1.0,1,4,B
1220,1,48,1,4.0,4,1,6.0,1,4,C
1221,0,55,1,2.0,2,0,3.0,0,4,B
1222,0,37,1,1.0,6,1,8.0,2,4,D
1223,1,38,1,3.0,2,1,11.0,0,4,A
1224,0,28,0,3.0,1,1,2.552586938083121,2,4,D
1225,1,86,1,1.0,7,1,2.552586938083121,2,4,B
1226,0,35,0,1.0,6,0,9.0,2,4,D
1227,1,35,0,2.0,3,0,0.0,2,4,D
1228,0,46,1,1.0,7,0,0.0,2,4,A
1229,0,79,1,1.0,7,1,0.0,2,4,B
1230,1,63,1,2.0,7,1,5.0,1,4,A
1231,0,50,1,3.0,1,1,2.552586938083121,1,4,B
1232,0,35,0,1.0,3,1,0.0,2,4,A
1233,1,65,1,1.0,1,0,2.552586938083121,2,4,A
1234,1,50,1,4.0,0,0,0.0,0,4,C
1235,0,27,0,2.8253778838504378,6,0,2.552586938083121,2,6,D
1236,1,45,1,3.0,4,1,0.0,1,4,C
1237,0,36,0,4.0,6,1,0.0,2,4,A
1238,1,43,1,2.0,3,0,11.0,0,4,A
1239,1,62,1,5.0,8,1,1.0,1,4,C
1240,1,57,1,2.0,0,1,2.0,0,4,C
1241,1,51,0,1.0,8,0,9.0,2,4,D
1242,1,59,1,1.0,0,1,0.0,2,6,A
1243,0,27,1,4.0,0,0,0.0,2,4,D
1244,0,83,1,2.0,7,0,2.552586938083121,1,4,A
1245,1,50,1,3.0,3,1,6.0,2,4,A
1246,1,75,1,3.0,4,1,1.0,1,4,C
1247,1,28,0,2.0,4,0,2.0,2,6,D
1248,1,39,1,2.0,0,1,9.0,0,4,C
1249,0,69,1,2.0,1,1,0.0,0,4,C
1250,0,41,0,1.0,0,1,1.0,2,2,D
1251,0,28,1,5.0,5,1,0.0,2,6,D
1252,0,39,1,3.0,3,0,1.0,1,6,A
1253,1,47,0,1.0,0,1,0.0,2,6,B
1254,0,62,1,1.0,2,1,1.0,2,6,B
1255,0,41,1,4.0,2,0,0.0,2,6,A
1256,1,49,1,3.0,1,1,5.0,0,1,B
1257,0,52,1,2.0,0,1,8.0,2,4,C
1258,0,48,1,2.8253778838504378,3,0,2.0,0,2,A
1259,0,26,0,2.0,5,1,7.0,2,6,D
1260,0,72,1,1.0,2,1,1.0,2,4,B
1261,0,47,1,3.0,0,1,0.0,2,2,C
1262,0,19,0,2.0,5,0,1.0,2,2,D
1263,0,21,0,3.0,5,0,1.0,2,3,D
1264,1,39,0,1.0,3,0,1.0,2,4,A
1265,0,52,0,1.0,0,1,0.0,2,4,C
1266,1,37,1,3.0,3,0,8.0,0,4,A
1267,1,51,1,2.0,3,0,0.0,2,4,D
1268,1,48,1,3.0,2,0,1.0,0,4,B
1269,1,22,0,3.0,5,0,2.552586938083121,2,4,D
1270,1,47,1,4.0,4,1,1.0,1,4,C
1271,0,45,1,3.0,2,0,0.0,0,4,B
1272,0,29,0,2.0,2,0,5.0,2,4,D
1273,0,47,1,1.0,1,0,1.0,2,4,A
1274,1,41,1,2.0,3,1,8.0,0,4,B
1275,0,32,1,4.0,6,0,9.0,0,0,D
1276,1,31,1,3.0,8,0,2.0,2,4,D
1277,1,20,0,3.0,8,0,1.0,2,4,D
1278,0,46,1,3.0,0,1,0.0,0,4,C
1279,1,70,1,1.0,7,1,3.0,2,4,A
1280,1,65,1,3.0,0,1,1.0,0,4,B
1281,0,68,1,2.0,0,1,1.0,0,4,C
1282,1,29,1,1.0,6,0,9.0,2,2,D
1283,1,41,1,2.0,3,1,3.0,0,6,B
1284,1,50,1,5.0,4,0,0.0,2,4,D
1285,1,38,1,2.0,3,1,9.0,0,6,B
1286,1,37,1,2.0,4,0,2.552586938083121,0,6,A
1287,0,30,1,2.0,2,0,6.0,2,6,A
1288,0,63,1,1.0,2,1,1.0,2,6,B
1289,1,42,1,2.0,0,1,6.0,0,6,C
1290,1,41,1,3.0,4,0,0.0,1,4,B
1291,0,60,1,4.0,2,1,2.552586938083121,1,4,B
1292,1,46,1,2.0,2,1,1.0,2,6,A
1293,0,83,1,2.0,7,0,0.0,1,4,B
1294,1,27,1,2.0,5,1,3.0,2,4,D
1295,0,22,0,4.0,5,0,1.0,2,0,D
1296,1,20,0,4.0,5,0,0.0,2,4,D
1297,0,40,1,2.0,2,1,0.0,2,4,B
1298,0,28,0,6.0,1,1,0.0,2,2,B
1299,1,28,0,1.0,1,1,2.552586938083121,2,2,A
1300,1,28,1,2.0,3,0,0.0,2,6,D
1301,0,20,0,4.0,5,0,0.0,2,6,D
1302,0,53,1,6.0,2,0,0.0,0,6,A
1303,0,35,1,2.0,1,1,0.0,2,4,A
1304,0,21,0,4.0,5,1,3.0,2,1,D
1305,1,30,0,4.0,5,1,6.0,2,0,D
1306,0,46,1,1.0,0,1,2.0,2,4,D
1307,0,36,0,4.0,2,1,3.0,2,0,C
1308,0,38,1,3.0,0,1,4.0,1,0,C
1309,0,26,1,2.0,8,0,1.0,0,4,D
1310,0,45,1,1.0,1,1,1.0,2,2,A
1311,0,46,1,2.0,4,1,5.0,1,4,C
1312,1,25,0,1.0,1,1,0.0,2,6,A
1313,1,27,0,7.0,8,0,0.0,2,4,D
1314,0,42,1,1.0,1,1,6.0,2,6,A
1315,1,20,1,2.0,8,0,3.0,2,6,D
1316,1,55,1,1.0,1,1,6.0,2,6,A
1317,1,25,0,1.0,8,0,2.552586938083121,2,4,D
1318,1,27,1,2.0,1,0,2.552586938083121,1,6,B
1319,1,31,0,4.0,8,0,0.0,2,6,D
1320,0,38,1,5.0,3,0,6.0,0,0,B
1321,1,43,1,2.0,3,1,2.552586938083121,0,4,B
1322,0,59,1,3.0,0,1,2.0,1,4,C
1323,1,61,1,3.0,4,0,1.0,0,4,B
1324,0,27,1,2.0,2,1,1.0,2,4,A
1325,1,26,1,5.0,4,0,1.0,1,4,D
1326,1,39,1,4.0,0,1,2.552586938083121,0,2,C
1327,1,51,1,3.0,0,1,0.0,0,4,C
1328,1,47,1,3.0,3,0,0.0,0,4,B
1329,1,52,1,4.0,0,1,1.0,0,4,C
1330,1,59,1,2.0,7,1,2.552586938083121,1,4,B
1331,1,57,1,2.0,2,0,1.0,0,4,B
1332,0,86,1,2.0,7,1,1.0,1,4,B
1333,1,49,1,2.0,0,1,2.552586938083121,0,4,C
1334,1,30,0,4.0,1,0,2.552586938083121,2,2,D
1335,0,43,1,4.0,2,0,0.0,0,4,B
1336,1,19,0,5.0,5,0,2.552586938083121,2,0,D
1337,1,20,0,4.0,5,0,2.552586938083121,2,4,D
1338,1,19,0,3.0,5,0,2.552586938083121,2,4,D
1339,0,43,1,1.0,1,1,0.0,2,4,B
1340,1,31,0,4.0,5,0,0.0,2,2,D
1341,1,30,1,2.0,4,0,1.0,1,4,D
1342,1,27,1,3.0,1,1,8.0,0,4,A
1343,1,36,1,4.0,4,1,2.552586938083121,1,4,B
1344,1,47,1,2.0,4,1,0.0,2,4,A
1345,1,35,1,4.0,4,1,1.0,1,4,A
1346,1,25,1,2.0,3,1,0.0,2,3,A
1347,0,25,1,3.0,0,0,0.0,2,4,A
1348,1,38,0,1.0,0,0,1.0,2,6,A
1349,0,32,0,3.0,2,0,0.0,2,4,D
1350,1,48,1,6.0,4,0,1.0,1,4,C
1351,0,38,0,1.0,0,0,10.0,2,4,A
1352,1,70,1,2.0,4,0,2.552586938083121,1,4,A
1353,1,42,0,1.0,8,1,2.552586938083121,2,4,A
1354,0,85,1,2.0,0,1,1.0,1,0,C
1355,0,25,0,3.0,5,1,1.0,2,4,A
1356,0,31,0,2.0,1,1,1.0,2,2,A
1357,0,20,0,4.0,5,0,3.0,2,2,D
1358,0,37,1,2.0,0,1,0.0,0,2,C
1359,1,33,0,2.0,0,1,8.0,2,4,A
1360,0,52,0,1.0,0,0,5.0,2,4,C
1361,1,26,0,3.0,1,1,0.0,2,4,D
1362,0,21,0,5.0,5,0,9.0,2,2,D
1363,0,42,0,1.0,2,1,0.0,2,4,A
1364,0,35,1,4.0,6,1,2.552586938083121,0,0,B
1365,1,39,1,4.0,0,1,0.0,0,4,B
1366,0,41,1,2.0,1,1,1.0,0,4,C
1367,0,18,0,5.0,5,0,1.0,2,4,D
1368,1,22,0,1.0,5,0,0.0,2,4,D
1369,0,25,1,2.0,2,0,2.0,2,4,D
1370,0,20,0,5.0,5,0,4.0,2,4,D
1371,0,18,0,4.0,3,0,0.0,2,0,D
1372,0,20,0,5.0,5,0,1.0,2,1,D
1373,1,21,0,4.0,8,0,0.0,2,0,D
1374,0,25,0,4.0,5,0,1.0,2,6,C
1375,0,60,1,2.0,0,1,2.552586938083121,0,4,C
1376,0,46,1,5.0,2,0,0.0,0,6,A
1377,1,68,1,2.0,4,0,1.0,1,4,B
1378,1,21,0,4.0,5,0,1.0,2,0,D
1379,1,27,0,3.0,1,1,0.0,2,4,C
1380,1,59,1,4.0,4,1,1.0,1,4,C
1381,0,26,0,1.0,0,1,8.0,2,4,A
1382,1,26,1,2.0,0,1,0.0,0,4,C
1383,0,32,1,2.0,1,0,1.0,0,3,B
1384,1,33,0,6.0,5,0,0.0,2,4,C
1385,1,28,0,3.0,5,1,0.0,2,4,D
1386,0,30,0,3.0,5,1,0.0,2,3,D
1387,0,32,0,1.0,0,1,2.552586938083121,2,4,A
1388,0,41,0,3.0,2,0,3.0,2,6,D
1389,1,42,1,2.0,0,1,13.0,2,4,C
1390,0,45,1,4.0,1,1,1.0,0,4,B
1391,0,39,0,2.0,0,1,1.0,2,4,C
1392,0,29,0,1.0,2,0,0.0,2,4,D
1393,1,46,1,3.0,3,1,1.0,0,4,C
1394,0,26,1,4.0,8,1,5.0,1,0,A
1395,0,26,0,4.0,5,1,2.552586938083121,2,4,D
1396,0,41,1,2.8253778838504378,1,1,1.0,2,4,B
1397,0,38,1,3.0,8,1,9.0,2,4,D
1398,1,69,1,4.0,4,0,1.0,1,4,B
1399,1,46,0,2.0,0,1,0.0,2,4,B
1400,0,40,0,1.0,0,0,0.0,2,1,B
1401,1,25,0,3.0,2,0,9.0,2,2,D
1402,1,59,1,2.0,0,0,1.0,0,2,C
1403,1,26,0,4.0,1,0,1.0,2,4,D
1404,0,33,0,4.0,0,1,0.0,2,4,D
1405,1,56,1,2.0,4,1,8.0,1,4,C
1406,1,30,0,5.0,5,0,0.0,2,2,D
1407,0,26,0,3.0,5,0,0.0,2,4,A
1408,0,28,0,5.0,1,0,0.0,2,6,D
1409,0,28,1,6.0,1,0,0.0,0,4,D
1410,1,20,0,4.0,5,0,1.0,2,4,D
1411,1,41,1,3.0,4,0,1.0,0,4,B
1412,1,37,1,3.0,0,1,0.0,1,4,C
1413,1,59,1,3.0,0,1,1.0,0,6,B
1414,0,43,1,2.0,0,1,0.0,0,4,C
1415,1,20,0,3.0,5,0,1.0,2,4,D
1416,0,30,0,5.0,5,1,1.0,2,0,B
1417,1,66,1,2.0,4,0,0.0,0,4,B
1418,1,28,1,3.0,0,1,1.0,0,4,B
1419,1,49,1,3.0,3,1,0.0,0,4,C
1420,0,61,1,3.0,0,1,0.0,0,4,C
1421,1,27,1,2.0,0,1,9.0,0,4,B
1422,0,35,1,1.0,2,0,1.0,2,2,A
1423,1,33,1,2.0,5,1,0.0,0,4,A
1424,0,36,1,2.0,0,1,2.0,0,4,C
1425,0,27,0,1.0,0,1,9.0,2,4,A
1426,0,29,0,2.8253778838504378,5,0,2.552586938083121,2,4,D
1427,0,31,0,5.0,2,0,1.0,2,2,A
1428,0,30,0,4.0,5,0,0.0,2,2,D
1429,0,43,1,2.0,0,1,2.552586938083121,0,4,C
1430,1,47,1,4.0,4,0,1.0,2,2,D
1431,0,42,0,1.0,2,0,2.552586938083121,2,4,A
1432,0,33,0,5.0,5,1,2.552586938083121,2,0,D
1433,0,36,0,4.0,0,1,1.0,2,0,C
1434,0,30,0,3.0,2,1,1.0,2,4,A
1435,1,60,1,1.0,0,1,9.0,2,4,A
1436,0,32,0,3.0,5,1,0.0,2,2,B
1437,0,32,1,2.0,0,1,0.0,0,2,B
1438,0,28,0,3.0,5,0,7.0,2,1,D
1439,1,46,1,4.0,5,1,2.0,1,3,B
1440,0,38,1,1.0,0,1,4.0,2,4,B
1441,1,28,1,2.8253778838504378,0,1,8.0,2,4,A
1442,1,30,1,2.0,3,1,7.0,2,4,B
1443,0,52,1,3.0,0,1,0.0,0,4,C
1444,0,46,1,4.0,2,1,1.0,0,4,B
1445,1,37,1,2.0,2,0,0.0,0,5,B
1446,0,25,0,3.0,2,1,2.0,2,4,D
1447,0,43,1,4.0,2,1,1.0,0,4,B
1448,1,32,0,4.0,8,0,0.0,2,4,D
1449,0,50,1,4.0,2,1,1.0,1,4,B
1450,1,43,1,3.0,0,0,3.0,0,4,B
1451,1,37,1,2.0,0,1,0.0,0,2,C
1452,1,61,1,4.0,5,0,0.0,1,3,B
1453,1,39,1,2.0,0,1,5.0,0,4,C
1454,1,46,1,5.0,0,1,1.0,0,4,C
1455,1,37,1,4.0,3,0,0.0,0,2,A
1456,0,36,1,3.0,2,0,0.0,2,0,A
1457,0,28,0,1.0,0,0,0.0,2,4,D
1458,1,86,1,1.0,7,1,0.0,2,4,B
1459,1,42,0,1.0,0,1,8.0,2,4,A
1460,1,82,1,1.0,4,1,1.0,2,4,D
1461,0,18,0,8.0,5,0,1.0,2,2,D
1462,0,18,0,4.0,2,0,0.0,2,4,D
1463,0,36,0,1.0,0,1,1.0,2,1,B
1464,0,26,0,6.0,2,0,1.0,2,4,C
1465,1,49,1,2.0,3,1,1.0,0,4,C
1466,0,69,1,3.0,0,1,1.0,0,4,C
1467,0,29,0,6.0,0,0,1.0,2,2,A
1468,1,68,0,2.0,3,1,1.0,2,4,C
1469,1,33,0,3.0,5,0,4.0,2,2,D
1470,1,38,1,5.0,4,0,3.0,1,4,B
1471,1,52,1,3.0,3,0,1.0,0,4,B
1472,1,28,1,2.0,0,1,1.0,2,4,A
1473,0,27,0,5.0,5,0,1.0,2,0,C
1474,0,28,0,4.0,2,0,0.0,2,2,A
1475,0,25,1,3.0,2,0,7.0,1,4,D
1476,0,30,0,1.0,0,1,8.0,2,4,A
1477,1,40,1,3.0,0,1,1.0,0,0,C
1478,0,25,0,9.0,0,1,0.0,2,4,C
1479,0,30,0,1.0,0,1,5.0,2,4,A
1480,0,43,1,2.0,2,0,0.0,0,2,A
1481,0,26,0,4.0,0,1,1.0,2,4,C
1482,0,37,1,3.0,3,0,0.0,0,4,B
1483,0,28,0,5.0,5,0,1.0,2,3,B
1484,0,31,1,5.0,8,0,1.0,2,2,D
1485,1,46,1,3.0,0,1,1.0,2,4,C
1486,0,47,1,4.0,0,1,5.0,0,4,C
1487,1,28,0,4.0,5,0,1.0,2,4,D
1488,1,30,0,1.0,5,0,0.0,2,4,D
1489,0,29,1,1.0,3,1,1.0,1,5,A
1490,1,23,0,5.0,0,0,2.0,2,4,D
1491,0,22,0,5.0,5,0,1.0,2,4,D
1492,1,20,0,5.0,5,0,1.0,2,3,D
1493,1,22,0,4.0,3,0,1.0,2,4,D
1494,0,19,0,4.0,5,0,0.0,2,4,D
1495,1,21,0,3.0,5,0,1.0,2,4,D
1496,0,19,0,4.0,5,0,0.0,2,4,D
1497,1,39,0,2.0,0,1,1.0,2,4,B
1498,0,38,1,2.0,0,1,8.0,2,4,C
1499,1,33,0,1.0,5,1,3.0,2,4,D
1500,0,38,0,1.0,6,1,4.0,2,4,D
1501,0,29,0,3.0,5,1,0.0,2,4,A
1502,0,35,1,1.0,3,0,4.0,2,4,B
1503,1,32,1,2.0,0,1,9.0,0,4,B
1504,1,59,1,1.0,0,1,0.0,2,4,B
1505,0,32,0,1.0,1,1,0.0,2,4,A
1506,0,29,0,3.0,5,1,8.0,2,2,D
1507,0,31,0,4.0,3,1,0.0,2,0,A
1508,1,59,1,4.0,4,0,0.0,1,4,B
1509,1,87,1,2.0,7,1,0.0,1,4,A
1510,1,53,1,2.0,4,1,0.0,2,4,A
1511,1,83,1,2.0,7,0,0.0,1,4,B
1512,1,33,0,5.0,5,0,1.0,2,2,D
1513,0,26,0,4.0,2,0,2.552586938083121,2,4,D
1514,0,39,1,5.0,0,1,7.0,1,4,B
1515,0,27,0,5.0,5,0,1.0,2,2,B
1516,0,42,1,2.0,0,1,5.0,0,2,C
1517,1,46,1,2.0,0,1,4.0,0,4,C
1518,1,63,1,2.0,1,1,0.0,1,4,C
1519,1,32,0,2.0,1,1,1.0,2,4,A
1520,0,38,0,3.0,2,1,0.0,2,4,A
1521,1,38,0,2.0,3,1,1.0,2,4,D
1522,0,63,1,1.0,2,1,1.0,2,4,B
1523,0,45,0,1.0,0,1,1.0,2,4,A
1524,0,33,0,5.0,5,1,1.0,2,0,B
1525,1,27,0,2.0,3,0,0.0,2,4,D
1526,0,87,1,2.0,0,0,7.0,1,3,A
1527,0,25,0,1.0,5,0,14.0,2,4,D
1528,1,61,1,4.0,0,1,0.0,0,4,C
1529,1,41,1,4.0,0,1,1.0,1,4,C
1530,1,86,1,2.0,7,1,2.552586938083121,1,4,A
1531,1,51,1,3.0,4,1,4.0,1,4,C
1532,1,83,1,2.0,7,0,0.0,1,4,B
1533,1,60,1,3.0,0,1,3.0,1,4,B
1534,1,65,1,3.0,0,1,6.0,0,4,C
1535,0,32,0,2.8253778838504378,5,0,1.0,2,4,D
1536,0,41,1,1.0,0,1,1.0,2,4,A
1537,0,56,1,3.0,0,1,0.0,0,4,C
1538,0,74,1,2.0,7,0,1.0,1,4,A
1539,1,39,1,2.0,0,1,4.0,0,0,C
1540,0,42,0,2.0,0,0,2.0,2,4,B
1541,1,68,1,2.0,0,1,5.0,1,4,B
1542,1,30,0,1.0,0,1,1.0,2,4,A
1543,0,32,0,3.0,5,0,1.0,2,4,D
1544,1,43,1,1.0,0,1,13.0,2,4,C
1545,0,40,1,2.0,0,1,3.0,1,1,C
1546,0,87,1,2.0,3,0,0.0,1,4,B
1547,1,43,1,2.0,3,0,1.0,2,4,A
1548,1,48,1,3.0,1,1,1.0,0,0,B
1549,0,58,1,2.0,8,1,0.0,0,4,C
1550,1,52,1,3.0,0,1,2.552586938083121,1,4,A
1551,0,30,0,3.0,5,0,14.0,2,4,D
1552,0,53,1,2.0,0,1,2.0,2,4,C
1553,0,56,1,3.0,0,1,3.0,0,4,C
1554,1,48,1,4.0,0,1,1.0,0,4,C
1555,1,28,1,5.0,1,0,1.0,2,4,D
1556,0,61,1,2.0,0,1,0.0,0,4,C
1557,1,62,1,3.0,3,1,1.0,0,4,C
1558,0,49,1,5.0,0,1,1.0,0,2,C
1559,1,40,1,2.0,3,1,0.0,1,4,B
1560,1,62,1,2.0,3,1,1.0,2,4,A
1561,1,35,0,2.8253778838504378,3,1,1.0,2,5,A
1562,0,48,0,1.0,0,1,4.0,2,4,C
1563,0,36,1,3.0,0,1,1.0,0,0,C
1564,0,56,1,5.0,0,1,1.0,0,4,C
1565,0,66,1,2.0,8,0,0.0,1,5,C
1566,1,40,0,2.0,0,1,6.0,2,4,A
1567,0,57,1,2.0,0,1,0.0,0,4,C
1568,1,42,1,3.0,0,1,2.552586938083121,0,0,C
1569,1,35,1,3.0,8,0,1.0,2,4,D
1570,1,58,1,2.0,0,1,0.0,0,4,C
1571,1,29,0,5.0,0,0,8.0,2,1,A
1572,1,26,0,1.0,1,0,0.0,2,4,D
1573,0,84,1,2.0,7,1,1.0,1,4,A
1574,1,86,1,1.0,4,1,0.0,2,4,D
1575,1,77,1,2.0,7,0,1.0,1,4,A
1576,0,37,0,3.0,0,1,0.0,2,4,A
1577,1,74,1,2.0,4,0,0.0,1,4,B
1578,1,27,0,2.0,0,0,1.0,2,4,D
1579,0,56,1,1.0,0,1,0.0,2,4,B
1580,0,27,0,1.0,5,1,0.0,2,4,D
1581,1,39,1,2.0,0,1,7.0,0,4,C
1582,1,35,1,2.0,3,1,3.0,0,4,B
1583,1,66,1,2.0,3,1,1.0,0,4,C
1584,0,47,0,2.0,0,1,0.0,2,4,C
1585,0,36,1,2.0,0,1,8.0,0,4,C
1586,1,43,1,2.0,0,1,4.0,0,4,C
1587,0,55,1,4.0,0,1,0.0,0,4,C
1588,1,41,1,3.0,1,1,0.0,0,4,B
1589,0,26,0,5.0,0,1,9.0,2,4,A
1590,1,72,1,2.0,0,1,0.0,1,0,C
1591,1,59,1,2.0,0,1,0.0,0,4,C
1592,1,38,1,3.0,3,1,1.0,0,4,B
1593,1,72,1,2.0,7,0,1.0,2,4,D
1594,1,31,0,4.0,5,1,1.0,2,4,D
1595,1,41,0,1.0,0,1,9.0,2,4,A
1596,1,25,0,2.0,2,0,9.0,2,6,D
1597,1,29,0,2.8253778838504378,0,1,2.552586938083121,2,0,A
1598,1,83,1,2.0,7,1,0.0,1,2,B
1599,0,51,1,4.0,2,1,0.0,0,4,B
1600,1,40,1,2.0,0,1,0.0,2,0,B
1601,0,76,1,2.0,0,1,0.0,0,4,C
1602,1,29,1,4.0,0,1,1.0,2,4,C
1603,1,46,1,3.0,0,1,1.0,2,4,C
1604,0,58,1,4.0,0,1,0.0,0,4,C
1605,0,46,0,1.0,0,1,1.0,2,4,B
1606,0,74,1,2.0,7,0,0.0,1,4,A
1607,1,53,1,3.0,4,1,1.0,1,4,C
1608,1,63,1,1.0,0,1,1.0,2,4,A
1609,0,49,1,3.0,0,1,1.0,0,4,C
1610,1,25,0,2.0,3,1,5.0,2,6,D
1611,1,46,0,3.0,2,0,1.0,2,2,A
1612,0,43,0,9.0,0,1,7.0,2,4,C
1613,0,58,1,4.0,0,1,1.0,0,6,C
1614,1,41,1,4.0,4,1,1.0,1,4,B
1615,0,28,0,3.0,5,0,1.0,2,4,B
1616,1,26,0,4.0,5,1,0.0,2,4,D
1617,1,29,0,2.0,5,1,9.0,2,2,D
1618,1,33,0,2.8253778838504378,5,1,0.0,2,1,D
1619,0,39,0,1.0,2,1,14.0,2,4,A
1620,1,51,1,4.0,3,1,0.0,0,4,C
1621,1,46,1,4.0,3,1,4.0,1,0,B
1622,1,38,1,6.0,4,0,2.552586938083121,1,4,B
1623,1,26,1,3.0,0,1,1.0,0,4,B
1624,0,42,1,4.0,2,1,1.0,0,2,B
1625,0,43,1,3.0,3,1,5.0,0,4,B
1626,1,53,1,4.0,4,1,1.0,2,4,C
1627,1,46,1,4.0,0,1,2.552586938083121,2,4,A
1628,0,40,1,3.0,0,1,1.0,0,2,C
1629,1,71,1,2.0,0,1,1.0,2,4,A
1630,1,32,1,4.0,8,1,13.0,1,2,D
1631,1,41,0,2.0,3,1,9.0,2,4,A
1632,0,46,0,2.0,3,1,8.0,2,4,A
1633,1,40,1,4.0,4,1,0.0,1,4,B
1634,1,29,0,5.0,1,0,1.0,2,4,D
1635,1,25,1,2.0,1,1,1.0,0,4,A
1636,0,52,1,1.0,8,1,0.0,2,4,D
1637,1,30,0,5.0,1,1,9.0,2,4,D
1638,0,25,1,2.0,5,1,12.0,1,4,D
1639,1,32,0,4.0,0,0,9.0,2,4,A
1640,0,33,0,4.0,1,0,2.552586938083121,2,4,D
1641,0,49,0,1.0,0,1,1.0,2,6,A
1642,0,43,0,4.0,1,1,1.0,2,0,A
1643,1,48,1,1.0,0,1,1.0,2,0,A
1644,1,41,0,2.0,0,0,5.0,2,4,B
1645,0,29,0,2.0,5,1,9.0,2,4,D
1646,0,35,0,2.0,0,1,0.0,2,6,A
1647,1,41,1,2.0,0,1,1.0,0,4,C
1648,0,47,1,4.0,0,1,1.0,0,0,C
1649,0,53,1,3.0,0,1,1.0,0,4,C
1650,1,40,1,1.0,0,1,5.0,2,4,D
1651,0,40,1,2.0,0,1,0.0,1,4,C
1652,1,46,1,1.0,0,1,0.0,2,4,B
1653,0,36,0,4.0,8,1,2.552586938083121,2,2,D
1654,0,71,1,6.0,7,1,2.0,2,5,D
1655,0,30,1,2.0,2,0,5.0,0,2,A
1656,0,40,1,4.0,2,0,1.0,0,2,B
1657,1,43,1,5.0,3,0,0.0,0,2,A
1658,1,40,1,3.0,3,1,3.0,0,2,B
1659,1,39,1,4.0,3,0,1.0,0,2,A
1660,1,49,1,7.0,4,0,1.0,1,0,D
1661,1,51,1,5.0,0,0,0.0,0,2,B
1662,0,39,1,9.0,1,0,1.0,0,2,D
1663,1,23,1,5.0,5,0,1.0,2,2,D
1664,1,53,1,6.0,2,0,0.0,0,2,A
1665,0,35,0,5.0,2,0,9.0,2,2,A
1666,1,35,0,4.0,4,0,2.0,2,2,D
1667,1,30,1,9.0,1,1,1.0,2,2,D
1668,1,39,1,2.8253778838504378,2,0,2.0,0,2,D
1669,1,38,0,3.0,0,1,1.0,2,2,A
1670,0,53,0,1.0,8,0,0.0,2,6,D
1671,0,36,0,1.0,2,1,8.0,2,2,A
1672,1,33,0,4.0,2,0,0.0,2,2,D
1673,0,40,0,1.0,2,1,1.0,2,2,A
1674,0,36,1,4.0,0,1,0.0,0,2,C
1675,1,31,0,5.0,1,0,1.0,2,2,D
1676,1,31,0,2.0,1,0,1.0,2,2,D
1677,1,41,1,4.0,5,1,0.0,0,2,B
1678,1,48,1,4.0,0,0,0.0,0,2,A
1679,0,38,1,3.0,0,1,5.0,0,5,B
1680,1,49,1,5.0,0,0,1.0,2,2,A
1681,1,42,1,2.8253778838504378,1,1,1.0,2,2,B
1682,1,28,1,9.0,4,1,14.0,1,2,A
1683,1,51,1,4.0,3,0,0.0,1,2,A
1684,1,41,1,2.0,0,0,1.0,0,2,A
1685,0,57,1,6.0,2,0,0.0,0,2,A
1686,1,67,1,1.0,0,1,0.0,2,2,B
1687,1,29,1,5.0,4,0,3.0,0,2,D
1688,0,46,1,1.0,8,1,2.552586938083121,2,2,D
1689,1,49,1,2.0,0,1,0.0,1,4,B
1690,0,28,0,3.0,2,0,6.0,2,2,D
1691,0,48,1,4.0,2,0,1.0,0,2,B
1692,0,51,1,4.0,2,0,5.0,0,2,B
1693,0,48,1,6.0,2,0,5.0,0,2,A
1694,0,48,1,5.0,2,0,5.0,0,2,B
1695,0,52,1,4.0,2,0,9.0,0,2,B
1696,0,39,1,4.0,2,0,8.0,0,2,D
1697,0,50,1,5.0,2,0,7.0,0,2,B
1698,0,33,0,9.0,2,0,1.0,2,2,C
1699,0,35,0,1.0,0,1,2.552586938083121,2,2,A
1700,1,30,1,5.0,8,0,2.0,1,2,D
1701,0,46,1,2.8253778838504378,2,0,8.0,0,2,A
1702,1,36,0,4.0,8,0,0.0,2,2,D
1703,1,43,0,1.0,3,0,0.0,2,2,A
1704,1,26,1,1.0,3,0,1.0,2,2,A
1705,1,33,1,2.0,4,0,0.0,2,2,D
1706,1,50,1,5.0,3,1,2.552586938083121,0,2,B
1707,0,49,1,5.0,2,1,1.0,1,2,B
1708,1,48,1,5.0,2,1,6.0,0,4,C
1709,1,31,0,1.0,0,1,5.0,2,2,D
1710,0,38,1,2.0,2,0,2.552586938083121,0,2,D
1711,0,21,0,1.0,5,0,5.0,2,2,D
1712,0,50,1,5.0,3,0,8.0,0,2,B
1713,1,23,0,6.0,5,0,9.0,2,2,D
1714,0,21,1,2.0,5,0,0.0,2,2,D
1715,1,71,1,2.8253778838504378,7,0,1.0,2,2,D
1716,1,20,0,6.0,5,0,0.0,2,2,D
1717,0,32,1,5.0,2,0,7.0,1,2,D
1718,1,29,1,3.0,2,0,0.0,0,2,A
1719,1,42,1,4.0,0,1,0.0,0,2,C
1720,1,20,0,6.0,1,0,0.0,2,2,D
1721,1,36,1,6.0,4,0,1.0,2,2,D
1722,0,42,1,6.0,2,0,0.0,1,2,B
1723,1,18,0,4.0,5,0,7.0,2,2,D
1724,1,25,0,2.0,6,0,2.552586938083121,2,2,D
1725,0,30,0,8.0,2,0,10.0,2,2,A
1726,0,28,0,9.0,6,0,9.0,2,2,A
1727,1,42,1,6.0,3,1,7.0,2,2,A
1728,1,38,1,4.0,0,1,1.0,2,2,A
1729,1,42,1,2.0,0,1,1.0,0,2,C
1730,0,52,1,5.0,2,0,2.552586938083121,0,2,B
1731,0,29,1,2.0,1,1,0.0,0,2,A
1732,1,40,1,2.0,0,1,1.0,2,2,A
1733,0,38,0,2.0,2,0,1.0,2,2,A
1734,1,37,1,4.0,2,1,1.0,0,2,B
1735,0,65,1,1.0,7,0,1.0,2,2,D
1736,1,81,1,2.0,4,0,2.552586938083121,1,2,A
1737,1,59,1,2.0,2,1,0.0,0,2,B
1738,0,47,1,5.0,0,1,1.0,0,2,C
1739,1,57,1,3.0,0,1,0.0,0,2,C
1740,1,39,1,4.0,4,1,2.552586938083121,1,2,B
1741,0,32,1,2.0,1,1,8.0,1,2,A
1742,1,37,1,1.0,0,1,9.0,2,2,A
1743,1,39,0,1.0,0,1,4.0,2,2,A
1744,1,39,1,5.0,1,0,1.0,0,2,A
1745,1,60,1,2.0,4,0,7.0,0,2,A
1746,0,70,1,2.0,0,1,1.0,0,2,C
1747,1,51,1,1.0,4,1,9.0,2,2,D
1748,1,48,1,3.0,0,0,1.0,2,2,A
1749,1,43,0,1.0,3,0,0.0,2,2,D
1750,0,29,1,2.0,2,0,1.0,2,2,A
1751,0,43,1,2.0,3,1,0.0,2,2,B
1752,1,25,0,1.0,1,0,5.0,2,2,D
1753,0,75,1,1.0,7,0,0.0,2,2,D
1754,0,22,0,5.0,5,0,0.0,2,2,D
1755,1,86,1,1.0,8,0,1.0,2,2,A
1756,0,50,1,2.0,3,1,1.0,2,2,B
1757,1,73,1,9.0,7,0,1.0,1,2,A
1758,1,87,0,2.0,7,1,1.0,2,2,A
1759,1,49,1,4.0,0,1,0.0,0,4,C
1760,1,46,1,5.0,4,1,1.0,1,4,B
1761,1,73,1,2.0,4,0,0.0,1,4,B
1762,0,87,1,2.0,7,1,1.0,1,4,A
1763,1,53,1,4.0,4,0,2.0,1,2,D
1764,1,84,1,2.0,7,1,1.0,1,4,B
1765,1,47,1,3.0,4,1,3.0,1,4,C
1766,1,59,1,4.0,4,0,1.0,1,4,B
1767,1,82,1,1.0,7,0,1.0,2,4,A
1768,0,71,1,2.0,7,1,0.0,1,4,C
1769,1,39,1,2.0,0,1,9.0,0,0,C
1770,0,25,0,2.0,1,0,0.0,2,4,D
1771,1,67,1,2.0,4,1,1.0,1,4,C
1772,0,83,1,2.0,7,1,13.0,1,4,C
1773,1,49,1,4.0,4,0,0.0,1,4,B
1774,0,87,1,2.0,7,0,0.0,1,4,B
1775,1,69,1,2.0,7,0,1.0,0,4,B
1776,1,40,1,2.0,3,1,9.0,0,4,B
1777,1,87,1,2.0,7,1,1.0,1,4,A
1778,1,68,1,3.0,5,1,0.0,0,4,C
1779,0,43,1,2.0,0,1,2.552586938083121,0,4,C
1780,1,67,1,5.0,0,1,0.0,1,4,C
1781,1,80,1,1.0,7,1,1.0,2,4,A
1782,1,65,1,1.0,7,1,1.0,2,6,A
1783,1,29,0,4.0,1,1,0.0,2,4,D
1784,1,60,1,3.0,3,1,2.552586938083121,0,4,C
1785,1,72,1,2.0,4,1,1.0,1,4,C
1786,1,57,1,1.0,1,1,0.0,2,4,A
1787,1,47,1,4.0,4,1,1.0,1,4,C
1788,1,39,1,2.0,3,0,1.0,0,4,B
1789,1,62,1,2.0,0,1,0.0,1,4,B
1790,0,81,1,1.0,7,1,1.0,2,4,C
1791,1,65,1,2.0,4,0,8.0,0,4,B
1792,1,47,0,2.0,7,0,2.552586938083121,2,4,D
1793,0,40,1,2.0,0,1,8.0,0,4,C
1794,0,86,1,2.0,7,0,0.0,1,4,B
1795,1,67,1,2.0,7,1,0.0,1,2,B
1796,0,45,1,5.0,0,1,0.0,0,4,C
1797,0,27,0,4.0,5,1,1.0,2,4,D
1798,0,32,0,1.0,0,1,7.0,2,6,B
1799,0,41,1,2.0,0,1,3.0,0,4,C
1800,0,27,1,2.0,5,1,6.0,0,4,A
1801,0,58,1,3.0,0,0,0.0,0,4,C
1802,0,61,1,5.0,3,1,1.0,0,4,B
1803,1,52,1,2.0,0,1,0.0,0,4,C
1804,1,25,0,1.0,1,1,8.0,2,4,D
1805,1,33,0,3.0,5,1,2.0,2,4,D
1806,1,31,0,2.8253778838504378,0,0,0.0,2,4,A
1807,1,37,0,1.0,3,1,1.0,2,4,A
1808,1,38,1,2.0,0,1,1.0,0,4,C
1809,1,81,1,1.0,7,1,0.0,2,4,A
1810,1,61,1,3.0,4,1,0.0,1,4,C
1811,1,20,0,3.0,5,0,0.0,2,4,D
1812,0,48,1,4.0,0,1,8.0,1,4,C
1813,0,43,1,2.0,0,1,8.0,0,4,C
1814,0,22,0,4.0,6,0,0.0,2,4,D
1815,0,63,1,4.0,0,1,1.0,0,4,C
1816,0,25,0,1.0,5,1,8.0,2,2,D
1817,0,73,0,1.0,7,1,1.0,2,4,C
1818,0,43,1,4.0,0,0,4.0,0,5,B
1819,0,39,1,4.0,1,0,1.0,0,2,B
1820,0,49,1,4.0,0,1,0.0,0,4,C
1821,0,83,1,2.0,7,1,1.0,1,4,A
1822,1,22,0,6.0,5,0,9.0,2,0,D
1823,0,31,0,2.0,0,1,2.0,2,2,A
1824,0,60,1,4.0,0,1,1.0,1,4,C
1825,1,42,1,4.0,3,1,1.0,0,6,C
1826,1,25,0,4.0,3,0,7.0,2,4,D
1827,1,29,0,3.0,5,1,3.0,2,4,D
1828,1,29,1,2.0,5,1,1.0,2,4,A
1829,1,39,1,2.0,3,1,2.0,0,4,C
1830,1,33,1,1.0,2,0,14.0,2,4,D
1831,1,35,1,4.0,4,1,9.0,1,4,C
1832,1,38,1,3.0,3,0,2.0,2,4,A
1833,1,59,1,2.0,0,1,1.0,1,4,B
1834,1,67,1,2.0,0,0,1.0,0,4,C
1835,1,45,1,1.0,0,1,1.0,2,4,A
1836,1,70,1,2.0,7,1,2.552586938083121,1,4,B
1837,1,19,0,4.0,5,0,5.0,2,6,D
1838,0,23,0,4.0,5,0,0.0,2,4,D
1839,1,22,0,4.0,5,0,1.0,2,3,D
1840,0,23,0,4.0,5,1,1.0,2,5,D
1841,1,80,1,1.0,4,0,0.0,2,4,D
1842,1,40,1,5.0,2,0,14.0,0,2,D
1843,1,36,0,1.0,0,1,0.0,2,2,A
1844,0,31,1,4.0,2,0,8.0,2,4,A
1845,0,20,1,2.0,2,0,1.0,2,2,A
1846,1,31,1,2.0,4,1,1.0,1,4,A
1847,1,50,1,5.0,4,1,0.0,1,4,A
1848,1,67,1,2.0,7,0,0.0,2,4,D
1849,0,43,1,1.0,1,1,9.0,0,4,A
1850,0,85,1,3.0,7,1,5.0,1,4,A
1851,0,65,1,3.0,0,1,1.0,0,0,C
1852,1,71,1,4.0,4,0,1.0,0,0,D
1853,0,20,0,6.0,5,0,1.0,2,2,D
1854,1,20,0,5.0,5,0,0.0,2,4,D
1855,1,87,1,1.0,0,1,2.552586938083121,2,4,A
1856,0,37,1,2.0,0,1,4.0,2,3,C
1857,1,59,1,2.0,3,0,1.0,0,3,B
1858,0,29,0,4.0,0,1,3.0,2,0,A
1859,1,85,1,2.0,4,1,0.0,1,4,C
1860,0,72,1,2.0,7,1,1.0,1,4,A
1861,0,42,0,2.8253778838504378,0,1,0.0,2,4,B
1862,0,45,1,2.0,0,1,9.0,0,4,C
1863,1,59,1,4.0,3,1,1.0,0,4,B
1864,1,19,0,5.0,1,0,0.0,2,0,D
1865,0,47,1,3.0,0,1,0.0,0,4,C
1866,0,73,1,2.0,0,1,0.0,1,4,C
1867,0,42,1,1.0,0,0,1.0,2,4,B
1868,0,37,0,5.0,1,1,7.0,2,0,A
1869,0,38,0,1.0,0,1,8.0,2,4,B
1870,0,41,0,1.0,0,1,1.0,2,4,A
1871,0,40,0,1.0,3,1,0.0,2,4,A
1872,0,30,1,4.0,3,1,0.0,2,4,A
1873,1,56,1,2.0,0,1,0.0,1,4,B
1874,0,65,1,2.0,7,1,1.0,1,4,A
1875,1,35,1,2.0,0,1,5.0,0,4,C
1876,0,37,1,5.0,2,0,0.0,0,2,B
1877,1,36,0,1.0,3,1,0.0,2,2,D
1878,0,26,1,4.0,6,1,1.0,1,0,B
1879,1,25,0,4.0,4,0,2.552586938083121,2,4,D
1880,1,30,0,4.0,5,0,0.0,2,1,D
1881,1,37,1,2.0,3,1,2.552586938083121,0,2,A
1882,1,30,0,3.0,0,0,0.0,2,4,A
1883,1,46,1,4.0,3,1,1.0,0,3,B
1884,0,38,0,1.0,2,1,1.0,2,2,A
1885,0,40,0,1.0,0,1,2.552586938083121,2,0,B
1886,0,31,0,1.0,0,1,5.0,2,4,A
1887,1,45,1,5.0,4,1,4.0,1,4,B
1888,1,55,1,5.0,2,0,1.0,2,4,A
1889,0,51,1,1.0,2,1,2.0,2,2,A
1890,0,29,0,7.0,6,1,5.0,2,4,B
1891,0,74,1,2.0,0,1,1.0,1,4,C
1892,1,69,1,3.0,3,0,1.0,0,4,B
1893,0,28,0,5.0,1,0,2.552586938083121,2,0,A
1894,1,41,1,2.8253778838504378,4,1,0.0,0,2,C
1895,1,29,1,3.0,5,0,1.0,2,4,D
1896,1,39,1,1.0,0,1,0.0,2,4,B
1897,0,74,1,3.0,3,0,2.552586938083121,1,4,B
1898,0,59,0,1.0,0,1,4.0,2,4,C
1899,1,27,0,3.0,5,0,1.0,2,0,B
1900,1,33,0,1.0,0,0,0.0,2,2,D
1901,1,31,0,2.0,3,0,9.0,2,0,A
1902,1,46,1,3.0,0,0,0.0,0,4,C
1903,0,63,1,2.0,0,1,0.0,2,4,B
1904,1,22,0,4.0,5,0,1.0,2,4,D
1905,0,53,0,5.0,2,1,1.0,2,4,A
1906,1,59,1,1.0,3,0,1.0,2,0,A
1907,1,84,1,2.0,7,1,2.552586938083121,2,0,A
1908,1,63,1,4.0,0,1,1.0,0,4,C
1909,1,35,1,1.0,0,1,8.0,2,4,A
1910,1,21,0,4.0,5,0,1.0,2,4,D
1911,1,67,1,2.0,7,0,0.0,1,4,B
1912,0,41,1,3.0,0,1,1.0,0,2,C
1913,0,27,0,8.0,0,1,0.0,2,0,C
1914,0,53,1,2.0,0,1,1.0,0,3,C
1915,0,33,0,8.0,5,1,4.0,2,1,D
1916,0,32,0,4.0,1,0,0.0,2,4,D
1917,1,59,1,2.0,0,0,5.0,1,4,C
1918,0,50,1,5.0,0,1,1.0,1,4,C
1919,0,50,1,4.0,0,1,1.0,0,3,C
1920,0,41,1,2.0,5,1,1.0,0,6,A
1921,0,71,1,1.0,7,1,1.0,2,4,C
1922,0,33,0,6.0,5,1,1.0,2,6,D
1923,0,46,1,2.0,0,1,2.552586938083121,0,6,C
1924,0,78,0,3.0,7,1,1.0,2,4,A
1925,0,69,1,2.0,7,0,2.552586938083121,1,2,D
1926,0,40,0,1.0,5,1,8.0,2,3,D
1927,1,43,1,3.0,4,1,2.0,1,4,B
1928,1,36,1,3.0,0,1,0.0,1,4,C
1929,1,35,1,2.0,3,1,1.0,0,0,A
1930,1,30,0,4.0,5,0,0.0,2,6,D
1931,1,47,1,2.0,3,0,3.0,0,4,B
1932,1,69,1,1.0,0,0,0.0,2,4,C
1933,1,41,1,5.0,3,1,2.552586938083121,2,6,B
1934,1,33,1,6.0,4,0,4.0,2,6,D
1935,1,27,0,5.0,5,1,6.0,2,0,D
1936,1,38,1,2.0,2,1,6.0,2,6,B
1937,1,35,1,4.0,0,1,2.552586938083121,0,6,D
1938,1,27,1,2.0,0,1,10.0,2,6,B
1939,0,51,1,2.8253778838504378,6,1,9.0,2,6,A
1940,0,52,1,1.0,2,1,4.0,2,6,B
1941,1,53,0,1.0,1,1,0.0,2,4,C
1942,1,43,1,2.0,0,1,8.0,0,4,B
1943,1,42,1,2.0,1,1,8.0,2,4,C
1944,1,36,0,1.0,1,1,9.0,2,4,B
1945,1,36,0,2.0,0,1,14.0,2,4,C
1946,0,40,0,1.0,5,1,1.0,2,4,D
1947,1,47,1,3.0,3,1,2.0,0,4,C
1948,1,30,0,2.0,1,0,1.0,2,2,D
1949,0,53,1,2.8253778838504378,0,1,2.552586938083121,2,6,C
1950,1,45,1,2.0,0,1,5.0,0,4,C
1951,1,33,0,5.0,5,1,0.0,2,4,D
1952,0,40,0,2.0,0,1,8.0,2,4,B
1953,0,36,1,1.0,8,1,5.0,2,4,D
1954,1,32,0,4.0,2,0,0.0,2,4,D
1955,0,51,1,2.0,0,1,0.0,2,4,C
1956,0,49,0,1.0,0,1,0.0,2,4,C
1957,1,81,1,2.8253778838504378,7,0,1.0,2,4,D
1958,1,72,1,4.0,0,1,1.0,0,4,C
1959,0,70,0,2.0,0,1,0.0,2,4,B
1960,1,21,0,3.0,5,0,0.0,2,0,D
1961,1,21,0,5.0,5,0,1.0,2,2,D
1962,0,41,1,4.0,3,0,4.0,0,2,A
1963,0,49,0,1.0,2,0,12.0,2,2,D
1964,0,51,0,1.0,3,0,0.0,2,2,A
1965,1,28,1,5.0,5,0,0.0,0,2,D
1966,1,37,0,2.0,5,1,5.0,2,6,D
1967,0,63,1,3.0,0,1,1.0,0,6,C
1968,1,19,0,4.0,5,0,8.0,2,6,D
1969,0,32,0,3.0,5,0,2.552586938083121,2,2,D
1970,0,51,1,1.0,0,0,6.0,2,4,C
1971,1,26,1,2.0,3,0,3.0,2,2,A
1972,1,61,1,1.0,0,0,0.0,2,4,B
1973,0,51,1,4.0,0,1,0.0,0,4,C
1974,0,45,1,3.0,0,1,0.0,0,4,C
1975,1,29,1,2.0,3,1,1.0,1,6,A
1976,1,47,1,5.0,0,0,0.0,2,6,A
1977,1,25,0,2.0,1,1,1.0,2,6,A
1978,1,40,0,5.0,8,0,0.0,2,2,D
1979,1,45,0,1.0,0,1,1.0,2,2,A
1980,1,32,1,2.0,3,1,1.0,0,2,A
1981,1,38,1,3.0,0,1,0.0,2,5,A
1982,0,38,0,2.0,0,1,8.0,2,6,B
1983,0,48,1,3.0,2,1,7.0,2,6,D
1984,0,71,0,1.0,1,1,0.0,2,4,B
1985,0,46,1,3.0,0,1,3.0,2,4,C
1986,0,46,1,2.0,0,1,9.0,2,4,B
1987,0,49,1,2.0,0,1,7.0,2,4,B
1988,1,43,1,3.0,3,0,0.0,2,2,A
1989,0,38,0,4.0,0,1,6.0,2,2,A
1990,1,25,0,4.0,5,1,8.0,2,4,D
1991,0,46,1,4.0,2,1,0.0,2,5,B
1992,0,28,0,3.0,2,1,9.0,2,4,D
1993,0,41,0,4.0,3,1,5.0,2,4,D
1994,0,32,0,5.0,0,1,9.0,2,4,A
1995,0,21,0,4.0,5,0,0.0,2,6,D
1996,1,22,0,6.0,5,0,1.0,2,2,D
1997,1,27,0,5.0,5,0,0.0,2,2,B
1998,1,40,1,2.0,0,1,0.0,0,0,C
1999,0,68,1,1.0,2,0,0.0,2,2,A
2000,0,25,0,7.0,6,0,1.0,2,2,B
2001,1,28,0,4.0,5,0,1.0,2,2,D
2002,1,28,0,8.0,8,0,2.0,2,2,D
2003,1,27,0,3.0,3,0,1.0,2,2,B
2004,1,67,1,4.0,3,0,5.0,0,2,D
2005,1,46,1,9.0,4,0,4.0,2,2,D
2006,0,33,0,4.0,3,0,8.0,2,2,D
2007,0,40,1,3.0,1,1,6.0,0,2,B
2008,0,48,1,7.0,0,0,5.0,0,2,A
2009,1,42,1,5.0,4,0,0.0,1,2,A
2010,1,56,0,1.0,0,1,1.0,2,4,B
2011,0,51,0,1.0,2,1,3.0,2,4,A
2012,0,27,0,1.0,5,1,0.0,2,3,D
2013,0,25,0,3.0,1,1,7.0,2,2,D
2014,0,51,1,2.0,0,0,9.0,1,2,A
2015,0,26,1,2.0,5,1,2.552586938083121,0,4,A
2016,0,35,0,1.0,1,1,0.0,2,4,A
2017,0,25,1,3.0,1,1,1.0,2,4,A
2018,1,30,0,3.0,5,0,6.0,2,4,C
2019,0,41,0,1.0,5,1,9.0,2,4,A
2020,1,42,1,3.0,0,1,6.0,2,4,A
2021,0,40,1,5.0,0,1,8.0,1,4,B
2022,1,36,0,1.0,3,1,13.0,2,4,D
2023,0,39,0,1.0,0,1,9.0,2,4,B
2024,1,40,1,3.0,4,1,7.0,1,4,C
2025,0,40,1,2.0,2,1,1.0,0,4,B
2026,1,28,0,6.0,0,1,9.0,2,4,D
2027,0,31,0,2.8253778838504378,8,1,8.0,2,5,D
2028,1,41,0,1.0,0,1,4.0,2,4,A
2029,0,28,0,5.0,2,1,9.0,2,4,D
2030,1,30,0,1.0,5,1,1.0,2,4,D
2031,0,30,0,1.0,5,1,1.0,2,4,D
2032,0,38,0,2.0,0,1,9.0,2,4,A
2033,1,43,1,1.0,0,1,7.0,2,3,B
2034,1,29,0,1.0,3,1,9.0,2,4,D
2035,0,30,0,3.0,5,1,9.0,2,4,D
2036,1,27,1,2.0,5,1,0.0,2,4,D
2037,0,48,1,2.0,0,1,0.0,0,4,C
2038,0,51,0,1.0,0,1,1.0,2,4,C
2039,0,48,0,1.0,8,1,0.0,2,4,D
2040,0,28,0,1.0,8,1,9.0,2,4,D
2041,0,40,0,1.0,0,1,3.0,2,4,B
2042,1,51,1,2.0,0,1,1.0,2,4,D
2043,0,36,1,2.0,8,0,8.0,2,4,A
2044,0,51,0,1.0,8,1,9.0,2,4,D
2045,1,45,1,4.0,4,1,5.0,1,2,B
2046,1,40,0,1.0,0,1,8.0,2,4,A
2047,1,40,0,1.0,0,1,0.0,2,3,A
2048,1,41,1,2.0,0,1,2.0,2,4,C
2049,1,43,1,4.0,3,1,0.0,0,4,B
2050,1,21,1,3.0,5,0,1.0,2,4,D
2051,1,23,0,4.0,5,0,1.0,2,4,D
2052,0,31,0,3.0,1,0,0.0,2,4,D
2053,0,42,1,2.0,3,1,6.0,2,4,B
2054,1,61,1,1.0,0,0,0.0,2,3,B
2055,0,45,1,1.0,6,1,0.0,2,6,B
2056,0,63,1,1.0,0,1,5.0,2,6,C
2057,1,86,1,1.0,7,0,0.0,2,4,D
2058,0,67,1,3.0,2,0,2.552586938083121,1,3,B
2059,1,71,1,3.0,4,0,2.552586938083121,1,3,B
2060,0,43,1,2.0,3,0,14.0,2,6,A
2061,1,28,1,2.0,3,0,2.552586938083121,2,4,A
2062,1,47,1,2.0,3,0,0.0,2,4,A
2063,0,53,1,4.0,0,1,0.0,0,4,C
2064,0,36,1,2.0,3,0,1.0,0,2,A
2065,1,35,1,2.8253778838504378,3,0,1.0,2,2,A
2066,0,48,1,4.0,0,1,1.0,1,4,C
2067,0,60,1,3.0,0,1,3.0,2,2,B
2068,0,45,1,1.0,4,0,2.552586938083121,2,4,A
2069,0,42,1,2.0,2,0,0.0,2,4,A
2070,0,89,1,1.0,7,1,1.0,2,4,D
2071,0,23,0,2.0,8,0,4.0,2,6,D
2072,1,46,1,1.0,6,1,11.0,2,6,A
2073,1,22,0,4.0,0,0,8.0,2,2,D
2074,0,30,0,7.0,5,0,0.0,2,4,B
2075,1,58,1,2.8253778838504378,3,1,0.0,2,4,A
2076,1,73,1,4.0,0,1,0.0,0,4,C
2077,0,71,1,1.0,7,1,0.0,2,4,B
2078,0,35,1,5.0,2,0,0.0,2,4,A
2079,1,52,1,4.0,3,1,1.0,0,4,B
2080,1,84,1,2.0,7,1,0.0,2,4,B
2081,1,47,1,5.0,3,1,1.0,0,4,C
2082,1,39,1,2.0,4,0,0.0,2,4,D
2083,0,40,1,3.0,2,0,0.0,2,2,A
2084,0,46,0,1.0,0,1,1.0,2,4,B
2085,1,40,0,2.0,0,1,3.0,2,4,A
2086,0,27,0,6.0,0,0,1.0,2,4,D
2087,0,23,0,4.0,5,0,4.0,2,3,D
2088,0,21,0,2.0,0,1,1.0,2,4,D
2089,1,70,1,2.0,7,0,2.0,1,4,A
2090,1,28,1,2.0,3,1,1.0,2,4,B
2091,0,58,1,4.0,6,1,1.0,2,4,B
2092,0,27,1,2.0,3,1,0.0,0,4,A
2093,0,49,1,5.0,2,0,0.0,0,4,C
2094,0,37,1,3.0,2,0,8.0,0,4,A
2095,1,39,1,4.0,3,0,1.0,0,4,B
2096,0,28,0,4.0,1,0,2.0,2,4,D
2097,1,73,1,2.0,3,0,0.0,0,4,C
2098,0,51,1,5.0,0,1,1.0,0,6,C
2099,0,48,1,3.0,1,1,8.0,0,0,B
2100,1,72,1,2.8253778838504378,6,1,9.0,2,4,A
2101,1,47,1,2.8253778838504378,0,0,1.0,0,4,C
2102,0,67,1,1.0,1,1,0.0,2,2,B
2103,1,77,1,2.0,7,1,0.0,1,2,B
2104,1,46,1,3.0,0,1,3.0,0,4,C
2105,0,52,1,4.0,0,1,1.0,0,4,C
2106,1,67,1,1.0,7,0,1.0,2,4,D
2107,1,62,1,4.0,1,1,0.0,0,4,C
2108,1,45,1,3.0,1,1,8.0,0,2,B
2109,1,40,1,5.0,1,1,1.0,0,2,B
2110,0,60,1,2.0,0,1,4.0,0,6,C
2111,0,37,1,4.0,1,1,8.0,0,0,C
2112,1,69,1,1.0,4,0,2.0,1,4,C
2113,0,58,1,4.0,0,1,1.0,1,4,C
2114,1,52,1,2.8253778838504378,0,1,1.0,2,4,C
2115,1,20,0,5.0,5,0,2.0,2,4,D
2116,0,23,1,4.0,5,0,6.0,2,0,D
2117,1,66,1,1.0,0,1,0.0,2,2,B
2118,1,19,0,3.0,5,0,1.0,2,0,D
2119,0,53,1,5.0,0,1,0.0,0,4,C
2120,0,59,1,1.0,6,1,6.0,2,4,C
2121,0,61,1,4.0,0,1,0.0,0,2,C
2122,0,68,1,2.0,2,1,1.0,2,2,B
2123,1,20,0,3.0,5,0,1.0,2,2,D
2124,1,20,0,4.0,5,0,1.0,2,0,D
2125,0,49,1,4.0,0,1,0.0,2,0,C
2126,1,19,0,3.0,5,0,1.0,2,0,D
2127,0,27,0,4.0,5,0,1.0,2,4,C
2128,1,32,1,2.0,0,1,1.0,2,6,A
2129,0,67,1,3.0,0,1,0.0,0,2,C
2130,1,27,0,3.0,3,0,1.0,2,0,D
2131,1,72,1,2.8253778838504378,4,1,0.0,2,4,A
2132,0,32,0,5.0,1,0,1.0,2,2,D
2133,0,28,0,2.0,0,0,0.0,2,6,A
2134,1,29,1,2.8253778838504378,5,1,8.0,2,4,D
2135,0,19,0,5.0,5,0,1.0,2,0,D
2136,0,52,1,5.0,0,1,1.0,0,0,C
2137,0,47,1,2.0,1,1,1.0,0,0,A
2138,1,19,0,5.0,5,0,3.0,2,0,D
2139,0,18,0,2.8253778838504378,5,0,5.0,2,2,D
2140,0,79,1,2.0,7,0,1.0,1,4,D
2141,0,19,0,4.0,5,0,1.0,2,2,D
2142,0,48,1,3.0,0,1,0.0,2,0,C
2143,1,52,1,3.0,0,1,1.0,0,0,C
2144,1,23,0,4.0,5,0,1.0,2,4,D
2145,0,58,1,1.0,0,1,1.0,2,2,B
2146,0,69,1,1.0,2,1,1.0,2,4,B
2147,1,37,1,1.0,3,1,4.0,2,4,B
2148,0,30,0,3.0,5,0,0.0,2,4,D
2149,0,25,1,4.0,5,0,0.0,2,4,D
2150,0,39,0,2.0,2,1,8.0,2,2,A
2151,1,43,1,2.0,3,1,3.0,2,2,A
2152,0,32,0,1.0,2,0,0.0,2,2,A
2153,1,23,0,5.0,5,0,0.0,2,6,D
2154,0,30,0,3.0,5,0,1.0,2,2,B
2155,0,41,1,2.0,2,0,1.0,2,2,A
2156,1,49,1,2.0,0,1,1.0,0,1,C
2157,1,66,1,3.0,4,0,6.0,2,2,D
2158,0,67,1,2.0,1,1,1.0,2,4,B
2159,1,30,0,2.0,5,1,0.0,2,4,D
2160,0,39,0,1.0,1,1,6.0,2,0,B
2161,0,52,1,4.0,0,1,0.0,2,0,C
2162,0,57,1,5.0,0,1,0.0,0,4,C
2163,1,63,1,1.0,4,1,1.0,1,4,B
2164,0,52,1,3.0,6,0,4.0,1,4,B
2165,1,61,1,2.0,0,1,8.0,0,4,C
2166,1,35,1,2.0,3,1,7.0,2,4,B
2167,1,52,1,2.0,0,1,4.0,0,4,C
2168,0,45,1,2.0,2,1,2.0,1,2,B
2169,1,37,1,2.0,3,1,8.0,0,4,C
2170,0,45,1,2.0,2,1,1.0,0,4,C
2171,0,55,1,2.8253778838504378,2,1,0.0,0,4,A
2172,0,49,1,2.8253778838504378,2,1,4.0,0,6,B
2173,0,42,1,6.0,3,0,1.0,2,6,B
2174,0,39,1,2.0,1,1,3.0,1,2,A
2175,1,18,0,3.0,5,0,0.0,2,6,D
2176,1,43,1,3.0,0,0,1.0,0,6,B
2177,1,50,1,4.0,4,0,1.0,0,4,B
2178,1,37,1,4.0,0,1,1.0,0,4,C
2179,0,37,0,1.0,2,1,1.0,2,4,A
2180,1,63,1,3.0,3,1,0.0,2,4,A
2181,1,83,1,2.0,7,1,1.0,2,6,A
2182,1,55,1,3.0,0,1,1.0,0,6,C
2183,1,71,1,3.0,0,1,1.0,2,4,A
2184,1,87,1,1.0,7,0,1.0,2,2,A
2185,0,49,1,5.0,3,1,2.0,0,6,B
2186,1,27,1,4.0,1,0,0.0,2,2,D
2187,0,25,1,4.0,8,0,1.0,2,2,D
2188,1,42,1,2.0,5,0,0.0,2,6,D
2189,0,66,1,2.0,0,1,4.0,2,4,B
2190,0,32,0,1.0,5,1,1.0,2,4,D
2191,0,32,1,2.0,1,1,4.0,2,4,D
2192,0,37,1,1.0,1,0,8.0,2,0,A
2193,0,62,1,5.0,7,1,9.0,2,4,D
2194,0,33,0,4.0,5,1,3.0,2,2,D
2195,0,45,1,2.0,6,1,2.0,0,6,C
2196,0,18,1,5.0,5,0,5.0,2,6,D
2197,0,37,1,3.0,0,1,0.0,0,6,B
2198,1,30,0,4.0,1,1,4.0,2,6,D
2199,1,31,0,3.0,3,1,5.0,2,4,A
2200,0,48,1,4.0,0,1,0.0,0,6,C
2201,1,31,0,1.0,5,1,2.552586938083121,2,6,D
2202,0,36,1,2.0,1,1,8.0,2,2,B
2203,1,61,1,6.0,3,1,0.0,0,4,C
2204,0,83,1,2.0,7,0,0.0,1,4,B
2205,1,77,1,2.0,7,0,1.0,1,4,A
2206,0,46,1,3.0,0,1,3.0,1,2,C
2207,1,48,1,3.0,2,1,0.0,0,6,A
2208,1,19,0,5.0,5,0,0.0,2,6,D
2209,1,21,0,3.0,5,0,1.0,2,4,D
2210,0,40,0,1.0,2,0,2.552586938083121,2,4,A
2211,1,27,0,5.0,5,0,0.0,2,0,B
2212,0,49,1,1.0,8,0,0.0,2,1,D
2213,1,19,0,4.0,5,0,1.0,2,4,D
2214,0,53,0,1.0,3,1,1.0,2,4,A
2215,1,29,0,1.0,0,1,8.0,2,4,A
2216,1,23,0,4.0,5,0,3.0,2,2,D
2217,1,84,1,2.0,7,1,1.0,1,4,B
2218,1,38,0,4.0,3,1,0.0,2,4,A
2219,1,26,0,2.0,1,1,11.0,2,3,D
2220,0,19,0,4.0,5,0,1.0,2,0,D
2221,0,22,1,4.0,5,0,1.0,2,4,D
2222,1,20,1,2.0,3,0,0.0,2,4,A
2223,1,36,1,3.0,5,1,0.0,2,4,D
2224,1,18,0,3.0,5,0,1.0,2,4,D
2225,0,20,0,4.0,5,0,7.0,2,4,D
2226,0,18,0,4.0,8,0,1.0,2,4,D
2227,1,32,1,2.0,0,0,7.0,0,4,B
2228,0,18,0,4.0,5,0,0.0,2,4,D
2229,1,18,0,2.0,5,0,0.0,2,4,D
2230,0,21,0,4.0,5,0,8.0,2,4,D
2231,0,75,1,2.0,0,1,1.0,1,4,C
2232,1,37,1,2.0,2,1,0.0,0,4,C
2233,0,35,1,3.0,2,1,1.0,2,6,A
2234,1,20,0,3.0,5,0,9.0,2,4,D
2235,1,58,1,4.0,3,1,2.0,0,6,B
2236,1,33,0,4.0,5,0,8.0,2,4,D
2237,1,58,1,3.0,0,1,0.0,2,4,C
2238,1,20,0,5.0,5,0,1.0,2,4,D
2239,1,50,1,2.0,0,1,4.0,0,4,C
2240,0,51,0,2.8253778838504378,6,1,0.0,2,4,C
2241,0,27,0,3.0,5,0,8.0,2,2,D
2242,0,58,1,2.0,1,1,1.0,0,4,C
2243,1,62,1,2.0,4,0,1.0,2,4,C
2244,1,79,1,2.0,8,1,0.0,1,4,B
2245,0,19,0,4.0,5,0,1.0,2,4,D
2246,0,33,0,2.8253778838504378,2,0,0.0,2,2,A
2247,1,36,1,2.0,0,1,1.0,0,4,C
2248,0,29,1,2.0,5,1,1.0,2,4,A
2249,0,28,1,3.0,5,0,3.0,2,0,D
2250,0,22,0,4.0,5,0,0.0,2,4,D
2251,1,21,0,3.0,5,0,1.0,2,4,D
2252,1,22,0,3.0,5,0,0.0,2,2,D
2253,1,28,0,3.0,0,1,9.0,2,4,A
2254,0,48,1,4.0,0,1,3.0,0,4,C
2255,1,48,1,2.0,1,1,3.0,0,4,C
2256,1,66,1,3.0,7,0,0.0,2,4,D
2257,0,47,1,4.0,6,1,1.0,2,4,B
2258,0,68,1,4.0,0,1,1.0,1,4,C
2259,1,73,1,2.0,4,1,0.0,1,4,C
2260,0,59,1,1.0,7,0,0.0,2,0,D
2261,1,38,1,2.0,1,1,7.0,0,4,C
2262,0,76,1,2.0,7,0,1.0,1,4,D
2263,0,40,1,2.0,2,1,3.0,2,2,B
2264,0,49,1,2.0,2,1,0.0,1,2,B
2265,0,33,0,2.8253778838504378,6,0,0.0,2,2,D
2266,1,18,0,2.8253778838504378,5,0,1.0,2,4,D
2267,0,69,1,2.0,7,1,0.0,1,4,C
2268,1,22,0,5.0,5,1,1.0,2,6,D
2269,0,18,0,3.0,5,1,0.0,2,6,D
2270,0,20,0,4.0,5,1,1.0,2,4,D
2271,1,36,1,1.0,5,1,1.0,2,4,D
2272,0,67,1,2.0,0,1,0.0,0,6,C
2273,0,37,1,3.0,0,1,1.0,0,4,B
2274,0,26,0,2.8253778838504378,5,0,2.0,2,4,D
2275,1,51,1,4.0,1,1,1.0,0,4,B
2276,0,67,1,2.0,7,1,1.0,2,4,C
2277,0,29,0,4.0,3,1,1.0,2,4,C
2278,0,76,1,2.0,7,1,0.0,2,4,C
2279,1,86,1,1.0,7,1,0.0,2,4,B
2280,0,51,1,2.0,6,1,9.0,0,4,C
2281,1,35,1,2.0,3,1,1.0,2,6,A
2282,1,30,0,2.0,1,0,3.0,2,4,D
2283,1,47,1,2.0,1,1,0.0,0,6,C
2284,1,81,1,1.0,7,0,0.0,2,4,D
2285,0,85,1,1.0,7,0,0.0,2,4,A
2286,1,60,1,5.0,3,1,2.552586938083121,0,4,B
2287,0,21,0,3.0,5,0,2.0,2,4,D
2288,0,40,1,1.0,2,1,0.0,2,4,A
2289,0,35,1,1.0,6,1,4.0,2,6,D
2290,0,35,1,1.0,5,1,0.0,2,2,D
2291,0,41,0,1.0,2,0,1.0,2,4,A
2292,1,18,0,3.0,5,0,0.0,2,4,D
2293,1,22,0,2.8253778838504378,5,0,0.0,2,2,D
2294,1,61,1,2.8253778838504378,0,1,0.0,2,4,A
2295,1,23,0,3.0,5,0,0.0,2,4,D
2296,1,31,0,5.0,5,0,1.0,2,2,D
2297,1,82,1,2.0,7,1,0.0,1,4,B
2298,1,84,1,2.0,4,0,1.0,1,4,B
2299,1,41,1,2.0,3,1,1.0,2,4,A
2300,0,66,1,2.0,0,1,0.0,0,2,C
2301,1,57,1,2.0,0,1,5.0,2,4,B
2302,1,20,0,4.0,5,0,3.0,2,0,D
2303,0,32,0,1.0,6,0,14.0,2,4,D
2304,0,29,0,1.0,6,0,11.0,2,4,D
2305,1,36,1,4.0,4,1,2.552586938083121,1,4,B
2306,1,38,1,3.0,3,1,1.0,0,4,C
2307,0,43,1,1.0,1,0,1.0,2,4,A
2308,0,42,0,1.0,8,0,1.0,2,4,D
2309,0,48,1,1.0,6,0,8.0,2,4,A
2310,1,62,1,1.0,0,1,0.0,2,4,B
2311,1,63,0,2.0,0,1,0.0,2,4,A
2312,1,60,1,2.0,3,1,1.0,2,4,A
2313,1,63,1,2.0,0,1,1.0,2,4,A
2314,1,62,1,1.0,3,1,9.0,2,4,A
2315,1,40,1,2.8253778838504378,4,0,4.0,2,4,D
2316,1,63,1,1.0,0,1,0.0,0,4,C
2317,1,19,0,4.0,5,0,6.0,2,6,D
2318,0,21,0,1.0,6,0,8.0,2,4,D
2319,1,21,0,2.8253778838504378,5,0,1.0,2,4,D
2320,1,22,0,5.0,2,0,6.0,2,0,D
2321,1,60,1,3.0,7,0,1.0,1,4,C
2322,1,59,1,1.0,0,1,8.0,2,4,B
2323,1,73,1,2.0,7,0,1.0,1,4,B
2324,0,52,1,3.0,0,1,0.0,1,4,C
2325,0,66,1,2.0,1,0,9.0,0,4,B
2326,1,61,1,4.0,3,0,1.0,2,6,A
2327,0,61,1,1.0,0,1,1.0,2,4,B
2328,0,61,1,2.0,0,1,2.0,0,4,C
2329,1,59,1,2.0,3,1,1.0,0,4,C
2330,1,51,1,1.0,0,1,1.0,2,4,B
2331,0,36,1,2.0,6,1,9.0,2,2,D
2332,1,71,0,3.0,4,1,9.0,2,4,D
2333,1,48,1,2.0,0,1,1.0,0,4,C
2334,1,43,1,2.0,3,1,9.0,0,4,B
2335,0,36,0,1.0,0,1,9.0,2,4,B
2336,0,57,1,3.0,0,0,2.552586938083121,0,4,C
2337,1,33,0,3.0,5,1,1.0,2,4,D
2338,0,31,0,6.0,0,1,1.0,2,2,A
2339,1,57,1,3.0,0,1,1.0,0,4,C
2340,0,33,0,4.0,6,0,2.0,2,6,D
2341,1,30,0,5.0,0,1,1.0,2,4,C
2342,1,26,1,2.0,1,0,8.0,0,4,A
2343,0,29,0,3.0,2,0,1.0,2,4,D
2344,0,42,0,1.0,8,1,0.0,2,3,D
2345,0,30,0,5.0,1,0,0.0,2,6,D
2346,0,18,0,5.0,2,0,1.0,2,0,C
2347,1,18,0,4.0,5,0,5.0,2,4,D
2348,1,80,1,2.0,4,0,0.0,1,4,B
2349,1,35,0,2.0,2,0,7.0,2,4,D
2350,1,45,1,2.0,3,1,1.0,0,4,C
2351,1,42,0,1.0,2,1,8.0,2,4,A
2352,0,26,1,2.0,5,0,2.552586938083121,1,3,C
2353,1,38,1,2.0,0,1,1.0,2,4,C
2354,1,41,1,7.0,0,1,1.0,0,4,C
2355,1,45,0,2.0,3,1,1.0,2,4,A
2356,1,57,1,1.0,0,1,1.0,2,6,A
2357,0,33,0,4.0,5,1,5.0,2,4,D
2358,0,51,1,2.0,0,1,8.0,0,4,B
2359,1,85,1,2.0,4,0,1.0,2,4,D
2360,0,30,0,3.0,3,0,0.0,2,4,A
2361,1,38,1,3.0,2,1,1.0,0,2,B
2362,1,66,1,1.0,0,1,1.0,2,4,B
2363,1,40,0,2.0,0,1,0.0,2,0,B
2364,1,83,1,1.0,7,1,2.552586938083121,2,4,A
2365,1,61,1,3.0,8,1,1.0,0,4,C
2366,1,65,1,2.0,4,1,1.0,1,4,C
2367,1,37,1,4.0,8,0,0.0,1,3,B
2368,1,47,1,2.8253778838504378,1,1,0.0,2,4,A
2369,1,51,1,4.0,3,0,1.0,0,6,B
2370,1,73,1,1.0,7,0,2.552586938083121,2,4,D
2371,0,49,1,3.0,8,0,1.0,0,2,A
2372,0,73,1,2.0,2,1,0.0,2,4,B
2373,1,37,1,4.0,3,0,1.0,0,2,A
2374,0,55,1,1.0,2,1,0.0,2,4,A
2375,0,32,0,1.0,6,0,12.0,2,4,D
2376,0,28,0,3.0,0,1,0.0,2,4,C
2377,0,50,0,3.0,7,0,0.0,2,4,D
2378,1,38,1,2.0,3,1,1.0,2,4,A
2379,0,28,0,1.0,6,0,8.0,2,4,D
2380,1,46,0,1.0,3,1,1.0,2,4,A
2381,0,47,1,2.8253778838504378,0,1,0.0,2,4,C
2382,1,39,1,6.0,4,1,8.0,1,3,B
2383,0,26,0,2.8253778838504378,5,0,1.0,2,4,D
2384,0,37,1,2.0,6,1,9.0,1,4,A
2385,1,43,1,2.0,0,0,1.0,0,6,B
2386,0,27,0,1.0,6,0,2.552586938083121,2,4,D
2387,1,69,1,2.8253778838504378,0,1,1.0,0,6,C
2388,1,47,1,2.0,0,1,9.0,0,5,C
2389,1,36,0,2.0,0,1,9.0,2,4,C
2390,1,43,1,3.0,5,1,1.0,2,6,D
2391,1,42,1,4.0,3,1,3.0,0,4,B
2392,1,29,0,3.0,0,1,0.0,2,4,C
2393,0,45,1,4.0,0,1,1.0,1,4,C
2394,1,88,1,2.0,0,1,1.0,2,4,A
2395,0,33,0,5.0,2,1,2.552586938083121,2,3,D
2396,1,18,1,4.0,1,0,0.0,2,4,A
2397,0,41,1,2.0,6,1,2.552586938083121,1,4,A
2398,0,28,0,3.0,1,1,1.0,2,4,B
2399,0,30,0,1.0,3,1,0.0,2,4,A
2400,0,79,1,2.0,7,1,2.552586938083121,1,4,A
2401,0,27,0,1.0,0,1,8.0,2,4,A
2402,0,53,1,4.0,2,1,0.0,0,4,B
2403,0,43,0,1.0,0,1,14.0,2,2,A
2404,1,19,0,4.0,5,0,1.0,2,4,D
2405,1,26,0,2.0,3,0,1.0,2,4,D
2406,0,67,0,2.0,0,0,1.0,2,4,B
2407,0,32,0,2.0,0,1,1.0,2,1,A
2408,0,26,0,4.0,1,0,7.0,2,4,D
2409,0,29,0,3.0,2,0,0.0,2,4,D
2410,0,33,0,1.0,0,1,9.0,2,4,A
2411,1,22,0,3.0,1,0,0.0,2,4,D
2412,0,27,0,2.0,2,0,0.0,2,4,D
2413,1,30,0,4.0,5,0,1.0,2,0,D
2414,1,25,0,4.0,1,0,8.0,2,4,C
2415,0,32,0,1.0,8,0,2.552586938083121,2,2,D
2416,1,85,1,1.0,7,1,2.552586938083121,2,4,B
2417,1,29,0,2.8253778838504378,5,1,2.552586938083121,2,4,D
2418,1,56,1,4.0,7,1,0.0,2,4,B
2419,1,52,1,3.0,0,1,0.0,0,0,C
2420,0,25,0,5.0,5,0,2.552586938083121,2,4,D
2421,0,65,1,2.0,0,1,2.552586938083121,0,6,C
2422,0,49,1,1.0,0,1,1.0,2,4,C
2423,0,73,1,2.0,7,0,1.0,2,4,B
2424,1,36,1,2.0,1,1,2.0,0,4,C
2425,0,36,0,1.0,2,1,4.0,2,3,A
2426,1,71,1,3.0,7,1,1.0,1,4,C
2427,0,55,1,2.0,0,1,0.0,2,4,C
2428,1,35,1,2.0,3,1,1.0,0,4,A
2429,1,41,1,2.0,0,0,0.0,0,4,B
2430,1,42,0,1.0,0,1,1.0,2,0,B
2431,1,35,1,2.0,1,1,2.552586938083121,2,4,D
2432,0,48,1,2.0,0,1,1.0,0,5,C
2433,0,73,1,2.0,7,1,1.0,1,4,A
2434,0,40,0,1.0,1,1,1.0,2,4,A
2435,0,29,0,6.0,5,1,3.0,2,4,D
2436,1,62,1,3.0,0,1,1.0,0,4,C
2437,1,89,1,2.0,7,1,0.0,2,4,B
2438,1,86,1,1.0,7,1,0.0,2,4,B
2439,1,38,1,3.0,0,1,0.0,0,4,B
2440,1,45,1,4.0,4,1,0.0,1,4,B
2441,1,26,0,4.0,5,0,0.0,2,4,D
2442,1,55,1,2.0,0,1,1.0,2,4,A
2443,0,52,1,5.0,0,1,1.0,0,4,C
2444,1,43,1,2.0,0,1,5.0,0,4,B
2445,1,35,0,1.0,0,1,1.0,2,4,A
2446,1,73,1,2.0,7,1,1.0,2,4,A
2447,1,41,0,3.0,0,1,4.0,2,4,A
2448,1,27,0,1.0,5,1,2.552586938083121,2,4,D
2449,1,35,1,3.0,3,1,6.0,2,4,A
2450,0,63,1,2.0,0,1,0.0,0,4,C
2451,1,41,0,1.0,0,1,2.552586938083121,2,4,A
2452,1,53,0,2.8253778838504378,0,0,1.0,2,2,A
2453,1,42,0,2.8253778838504378,2,0,0.0,2,4,A
2454,0,46,1,4.0,0,1,0.0,0,4,C
2455,1,38,1,2.0,3,0,0.0,2,4,A
2456,1,25,1,3.0,1,1,1.0,2,4,D
2457,0,40,1,3.0,0,1,7.0,0,2,B
2458,0,55,1,2.0,7,1,1.0,2,4,D
2459,0,29,0,1.0,5,1,0.0,2,4,D
2460,0,39,1,1.0,0,1,2.0,2,4,B
2461,1,50,1,3.0,1,0,1.0,0,4,B
2462,0,61,1,2.0,0,1,1.0,0,4,C
2463,1,56,1,1.0,0,1,0.0,2,4,B
2464,1,40,0,3.0,3,1,1.0,2,5,A
2465,0,86,1,2.0,7,1,0.0,1,4,C
2466,1,27,0,3.0,3,0,5.0,2,4,D
2467,1,35,0,1.0,0,1,2.552586938083121,2,4,A
2468,1,56,1,2.0,0,1,2.552586938083121,0,4,C
2469,0,36,1,2.0,0,1,2.552586938083121,2,4,C
2470,1,32,1,2.0,1,0,9.0,2,0,A
2471,0,85,1,2.0,7,1,1.0,2,4,C
2472,0,51,1,1.0,0,1,0.0,2,5,B
2473,0,41,0,2.0,0,1,8.0,2,4,C
2474,1,42,1,4.0,4,0,5.0,1,4,B
2475,0,30,0,6.0,8,1,0.0,2,4,D
2476,1,42,1,5.0,4,1,2.552586938083121,1,4,B
2477,0,42,1,3.0,0,1,9.0,0,4,B
2478,0,25,0,5.0,5,0,2.552586938083121,2,3,D
2479,1,60,1,4.0,4,1,4.0,1,4,C
2480,1,18,0,5.0,5,0,2.0,2,4,D
2481,1,36,1,4.0,4,1,0.0,0,4,B
2482,1,49,1,2.0,0,1,0.0,0,4,C
2483,1,42,1,3.0,4,1,1.0,1,4,C
2484,1,42,1,5.0,0,0,1.0,0,2,B
2485,0,39,1,2.0,3,1,2.552586938083121,0,0,A
2486,0,62,1,2.0,1,1,1.0,2,3,A
2487,1,47,1,4.0,4,1,0.0,1,4,C
2488,1,39,1,3.0,0,1,2.552586938083121,2,4,C
2489,0,25,1,2.0,0,1,3.0,1,4,C
2490,0,27,0,4.0,0,1,1.0,2,4,C
2491,0,31,1,4.0,1,0,0.0,2,4,A
2492,1,36,1,4.0,0,1,0.0,2,4,A
2493,1,51,1,3.0,3,1,3.0,2,4,A
2494,1,63,1,1.0,3,1,2.552586938083121,2,4,A
2495,1,40,0,4.0,0,1,2.552586938083121,2,4,A
2496,1,22,0,2.8253778838504378,1,0,1.0,2,4,D
2497,1,52,1,1.0,0,1,9.0,2,4,A
2498,1,89,1,1.0,7,1,4.0,2,4,B
2499,0,65,1,3.0,7,0,2.552586938083121,1,4,D
2500,1,48,1,4.0,0,1,2.552586938083121,0,3,C
2501,1,48,1,4.0,5,1,1.0,0,4,C
2502,1,31,0,1.0,5,1,8.0,2,4,D
2503,0,62,1,2.0,0,1,2.552586938083121,0,4,C
2504,1,58,1,4.0,4,1,0.0,0,4,C
2505,1,60,1,3.0,0,1,0.0,2,4,C
2506,1,19,0,4.0,5,0,2.552586938083121,2,4,D
2507,1,18,0,2.8253778838504378,5,0,14.0,2,4,D
2508,1,48,1,3.0,1,1,1.0,0,4,C
2509,1,35,0,1.0,1,1,5.0,2,4,A
2510,1,27,0,3.0,1,1,2.552586938083121,2,4,D
2511,1,60,1,4.0,0,1,0.0,0,4,C
2512,1,32,0,1.0,3,0,0.0,2,4,A
2513,1,40,1,2.0,3,1,7.0,2,4,A
2514,0,25,0,1.0,5,1,0.0,2,4,D
2515,1,42,1,5.0,0,0,1.0,2,6,A
2516,1,26,0,8.0,5,0,8.0,2,2,D
2517,1,27,0,1.0,2,1,6.0,2,4,D
2518,1,42,0,4.0,0,0,2.0,2,4,A
2519,0,77,1,1.0,7,1,4.0,2,4,A
2520,1,70,1,2.8253778838504378,4,1,0.0,2,3,B
2521,1,36,1,2.0,0,0,4.0,0,4,B
2522,1,57,1,3.0,7,1,6.0,2,4,C
2523,1,76,1,1.0,7,1,1.0,2,4,A
2524,1,77,1,2.0,0,1,0.0,1,4,C
2525,1,52,1,1.0,0,1,1.0,2,4,B
2526,0,35,0,1.0,0,1,9.0,2,4,B
2527,1,43,1,2.0,1,1,9.0,0,4,B
2528,1,43,0,1.0,0,1,14.0,2,6,B
2529,0,62,1,4.0,0,1,2.552586938083121,1,4,C
2530,1,21,0,4.0,5,0,0.0,2,6,D
2531,1,23,0,4.0,5,0,0.0,2,6,D
2532,1,65,1,2.0,3,1,0.0,0,4,C
2533,1,35,1,4.0,4,1,4.0,1,4,C
2534,1,48,1,3.0,4,1,4.0,1,4,C
2535,1,33,1,2.0,1,0,9.0,2,4,A
2536,1,82,1,2.0,7,0,1.0,1,4,A
2537,1,45,1,4.0,4,0,1.0,1,4,B
2538,1,56,0,2.0,8,0,1.0,2,4,D
2539,0,49,1,4.0,0,1,2.552586938083121,0,0,C
2540,1,30,1,3.0,5,1,8.0,1,0,D
2541,1,37,0,3.0,5,1,8.0,2,0,D
2542,1,51,1,6.0,8,0,0.0,1,2,A
2543,1,59,1,5.0,3,1,5.0,1,4,B
2544,1,56,1,2.0,4,1,0.0,1,4,C
2545,0,29,1,2.0,1,1,0.0,0,2,A
2546,1,31,1,2.0,0,1,2.552586938083121,2,4,B
2547,0,35,1,4.0,0,1,2.552586938083121,0,4,B
2548,1,89,1,2.0,7,1,7.0,1,4,A
2549,0,38,0,4.0,0,1,9.0,2,4,A
2550,1,45,1,3.0,4,1,4.0,1,4,C
2551,1,37,0,1.0,3,1,0.0,2,2,A
2552,1,74,1,7.0,4,0,1.0,2,4,D
2553,1,82,1,2.0,7,1,0.0,1,4,B
2554,1,53,1,4.0,0,1,7.0,1,6,C
2555,0,43,1,5.0,2,0,0.0,1,4,B
2556,1,62,1,6.0,3,1,2.0,0,4,C
2557,1,56,1,3.0,4,0,8.0,1,4,B
2558,1,88,1,2.0,7,1,3.0,1,4,A
2559,1,28,0,2.0,1,1,0.0,2,4,D
2560,0,51,1,2.0,3,1,5.0,0,4,B
2561,0,60,1,4.0,0,0,0.0,0,4,C
2562,1,19,0,3.0,5,0,0.0,2,4,D
2563,1,23,0,3.0,5,0,1.0,2,2,D
2564,1,20,0,9.0,5,0,0.0,2,3,D
2565,0,50,0,1.0,0,1,1.0,2,0,B
2566,0,21,0,4.0,8,0,4.0,2,4,D
2567,1,62,1,2.0,1,1,0.0,0,4,C
2568,0,36,0,1.0,1,1,1.0,2,6,B
2569,0,31,0,2.0,8,0,0.0,2,4,D
2570,1,52,1,3.0,1,1,4.0,0,4,C
2571,1,20,0,5.0,5,0,1.0,2,4,D
2572,0,23,0,2.0,0,0,2.552586938083121,2,4,D
2573,0,48,1,5.0,0,1,1.0,1,4,C
2574,0,40,1,2.0,3,1,6.0,0,4,B
2575,1,55,1,2.0,0,1,1.0,1,4,B
2576,0,62,1,2.0,0,1,1.0,0,4,C
2577,1,48,0,1.0,0,1,0.0,2,0,B
2578,1,36,1,2.0,3,1,1.0,2,2,A
2579,0,73,1,2.0,0,1,0.0,2,4,C
2580,0,23,0,8.0,8,0,0.0,2,4,D
2581,0,25,1,2.0,0,1,0.0,0,0,C
2582,1,60,1,2.0,0,1,0.0,0,4,C
2583,1,37,0,1.0,0,1,14.0,2,4,B
2584,0,39,1,1.0,1,1,0.0,2,0,A
2585,0,39,0,1.0,0,1,12.0,2,4,A
2586,1,58,1,2.0,0,1,0.0,2,4,C
2587,0,33,0,1.0,3,1,0.0,2,3,B
2588,0,29,0,4.0,0,0,2.552586938083121,2,2,A
2589,0,66,1,2.0,7,1,1.0,1,4,C
2590,0,40,0,1.0,0,1,2.0,2,2,B
2591,0,66,1,2.0,3,1,0.0,1,4,B
2592,0,50,1,2.0,0,1,9.0,1,4,C
2593,0,51,1,4.0,0,1,2.552586938083121,1,4,C
2594,0,50,1,2.0,0,1,0.0,0,4,C
2595,0,39,0,1.0,0,1,1.0,2,4,A
2596,0,46,1,2.0,0,1,0.0,0,4,C
2597,1,29,0,4.0,1,0,0.0,2,4,D
2598,0,29,0,5.0,1,1,0.0,2,4,D
2599,1,23,0,5.0,1,0,1.0,2,4,D
2600,1,57,1,2.0,0,1,1.0,0,4,C
2601,0,31,0,4.0,5,1,1.0,2,4,A
2602,0,69,1,1.0,0,1,1.0,2,4,B
2603,0,28,0,4.0,3,1,0.0,2,4,D
2604,0,31,0,1.0,0,1,14.0,2,4,A
2605,1,37,1,3.0,4,1,0.0,1,4,B
2606,1,58,1,4.0,5,1,0.0,2,4,B
2607,1,48,1,1.0,0,1,3.0,2,4,B
2608,0,18,0,4.0,1,0,1.0,2,4,D
2609,0,27,0,4.0,5,1,2.0,2,5,D
2610,1,30,0,6.0,1,1,8.0,2,0,A
2611,0,36,1,2.0,0,1,1.0,0,4,B
2612,1,45,1,2.0,3,1,4.0,0,4,C
2613,0,26,0,4.0,5,0,1.0,2,4,C
2614,0,23,0,3.0,5,0,0.0,2,4,D
2615,0,42,0,1.0,0,1,0.0,2,4,A
2616,1,46,1,1.0,3,1,5.0,2,0,A
2617,0,27,0,4.0,8,0,8.0,2,0,D
2618,0,42,1,2.0,0,1,0.0,2,4,C
2619,0,19,0,3.0,5,0,0.0,2,4,D
2620,1,21,0,4.0,5,0,1.0,2,2,D
2621,0,35,0,2.0,3,1,1.0,2,4,A
2622,1,29,0,4.0,5,0,9.0,2,4,D
2623,0,35,0,1.0,1,1,1.0,2,4,B
2624,0,53,0,2.0,3,1,2.552586938083121,2,4,A
2625,1,47,1,5.0,4,1,1.0,1,2,C
2626,0,43,0,3.0,5,1,9.0,2,3,D
