Unnamed: 0,Gender,Age,Ever_Married,Family_Size,Profession,Graduated,Work_Experience,Energy_Consumption,Preferred_Renewable,Groups
0,0,36,1,1.0,2,1,0.0,2,4,B
1,1,37,1,4.0,5,1,8.0,0,4,A
2,0,69,1,1.0,0,0,0.0,2,4,C
3,1,59,1,2.0,4,0,11.0,1,4,C
4,0,19,0,4.0,8,0,2.552586938083121,2,4,D
5,1,47,1,5.0,1,1,0.0,1,2,A
6,1,61,1,3.0,1,1,5.0,2,4,B
7,0,47,1,3.0,0,1,1.0,0,4,A
8,1,50,1,4.0,0,1,2.0,0,4,A
9,1,19,0,4.0,5,0,0.0,2,4,D
10,1,22,0,3.0,5,0,0.0,2,4,D
11,0,22,0,6.0,5,0,0.0,2,4,D
12,1,50,1,5.0,0,1,1.0,0,4,A
13,1,27,0,3.0,5,0,8.0,2,6,D
14,1,18,0,3.0,1,0,0.0,2,4,D
15,0,61,1,1.0,0,1,0.0,2,4,B
16,0,20,1,3.0,7,1,1.0,0,6,A
17,1,45,1,2.0,0,1,1.0,0,4,A
18,1,55,1,1.0,0,1,8.0,2,4,B
19,0,88,1,4.0,7,1,1.0,0,4,C
20,1,63,1,3.0,4,0,2.552586938083121,1,4,C
21,1,69,1,2.8253778838504378,7,0,2.552586938083121,1,4,C
22,1,42,0,4.0,0,1,0.0,2,6,B
23,1,79,1,2.0,4,0,2.552586938083121,1,4,C
24,0,35,1,3.0,5,1,9.0,1,4,B
25,1,27,1,4.0,4,0,5.0,1,4,D
26,1,52,1,2.0,2,1,2.552586938083121,2,4,B
27,0,29,0,4.0,5,1,0.0,2,2,D
28,0,79,1,2.0,7,0,1.0,1,4,C
29,1,87,1,2.0,7,1,2.552586938083121,1,4,C
30,1,89,1,2.0,7,0,1.0,2,4,C
31,1,63,1,3.0,0,1,9.0,0,4,A
32,1,31,0,2.0,0,0,1.0,2,4,D
33,1,72,1,6.0,0,1,1.0,0,5,A
34,0,41,1,2.0,1,1,9.0,0,4,A
35,0,61,0,1.0,0,1,11.0,2,4,B
36,1,62,1,2.0,0,1,0.0,2,4,B
37,1,56,1,2.0,0,1,1.0,0,4,A
38,1,60,1,5.0,0,1,2.0,0,4,A
39,1,68,1,2.0,0,1,0.0,1,4,A
40,1,19,0,8.0,5,0,2.552586938083121,2,4,D
41,1,57,1,3.0,4,1,8.0,1,4,A
42,1,19,0,5.0,5,0,5.0,2,0,D
43,0,51,1,6.0,0,1,3.0,0,4,A
44,0,86,1,2.0,0,0,1.0,1,4,C
45,0,74,1,2.0,7,0,1.0,1,4,C
46,1,23,0,2.0,3,0,6.0,2,4,D
47,1,47,1,2.0,0,1,0.0,0,4,A
48,0,19,0,6.0,5,0,7.0,2,4,D
49,1,50,1,4.0,0,0,0.0,1,4,A
50,1,80,1,2.0,7,1,2.552586938083121,1,4,C
51,1,78,1,1.0,7,0,2.552586938083121,2,0,C
52,0,48,0,1.0,1,1,0.0,2,4,B
53,1,70,1,2.0,1,1,1.0,0,4,A
54,1,50,1,5.0,4,1,3.0,1,4,A
55,0,83,1,2.0,7,1,0.0,1,4,C
56,1,35,0,1.0,3,1,0.0,2,4,B
57,0,36,0,2.0,0,1,0.0,2,1,B
58,0,35,0,1.0,0,1,1.0,2,4,B
59,1,35,1,2.0,0,1,0.0,0,4,A
60,1,18,0,3.0,5,0,3.0,2,0,D
61,0,73,1,2.0,0,1,1.0,0,4,A
62,1,62,1,3.0,0,0,1.0,1,4,A
63,0,46,1,2.0,0,1,1.0,0,4,A
64,1,43,1,4.0,3,1,0.0,2,2,A
65,0,32,0,1.0,3,1,7.0,2,4,B
66,1,39,0,1.0,0,1,0.0,2,4,B
67,0,89,1,2.0,7,1,0.0,1,4,C
68,0,18,0,3.0,5,0,0.0,2,2,D
69,0,57,1,2.0,0,1,0.0,1,6,A
70,0,18,0,4.0,3,0,0.0,2,4,D
71,0,71,1,2.0,0,1,1.0,1,4,A
72,0,69,1,2.0,0,1,0.0,0,4,A
73,0,42,0,4.0,5,1,0.0,2,4,D
74,0,36,0,2.0,0,1,0.0,2,4,B
75,0,80,1,2.0,7,1,1.0,1,4,C
76,1,69,1,1.0,3,0,2.552586938083121,2,4,C
77,0,67,1,3.0,0,1,0.0,0,4,A
78,0,47,1,4.0,1,1,1.0,0,4,A
79,0,49,1,2.0,0,1,0.0,0,4,A
80,0,32,1,4.0,2,0,9.0,2,4,D
81,0,65,1,4.0,7,1,1.0,0,4,C
82,0,78,1,2.0,7,0,0.0,1,4,C
83,1,33,0,6.0,0,1,1.0,2,4,D
84,1,48,1,1.0,0,1,1.0,2,4,B
85,1,58,1,5.0,4,1,1.0,0,4,A
86,0,83,1,2.8253778838504378,7,1,1.0,1,4,C
87,0,30,0,4.0,5,0,9.0,2,4,D
88,0,35,0,2.0,0,1,0.0,2,4,B
89,1,32,0,5.0,5,1,6.0,2,4,D
90,1,69,1,2.0,6,1,1.0,1,4,C
91,0,71,1,2.0,7,1,1.0,1,4,C
92,1,43,0,1.0,7,1,0.0,2,2,B
93,1,37,1,2.0,0,1,0.0,2,4,B
94,1,42,0,1.0,1,1,0.0,2,4,B
95,0,70,1,2.0,1,1,1.0,0,4,A
96,1,46,0,2.0,0,1,0.0,2,4,B
97,1,21,0,2.8253778838504378,5,0,2.552586938083121,2,5,D
98,1,70,1,2.0,0,1,0.0,0,4,A
99,0,61,1,2.8253778838504378,0,1,1.0,2,4,B
100,1,60,1,1.0,3,1,1.0,2,4,C
101,1,37,0,2.0,3,1,0.0,2,0,B
102,1,30,1,2.0,5,1,1.0,2,4,B
103,0,32,0,3.0,2,1,1.0,2,4,B
104,1,26,1,3.0,4,1,0.0,2,4,B
105,1,42,0,1.0,8,1,0.0,2,4,B
106,0,18,0,2.8253778838504378,1,0,2.552586938083121,2,4,D
107,1,80,1,2.8253778838504378,4,0,2.552586938083121,2,4,C
108,1,29,1,2.0,5,1,8.0,1,4,B
109,0,88,1,2.0,0,1,1.0,1,4,C
110,1,70,1,1.0,7,1,1.0,2,4,C
111,0,50,1,4.0,0,1,1.0,1,4,A
112,1,43,1,4.0,1,1,4.0,0,6,A
113,1,51,1,2.0,0,1,6.0,0,4,A
114,0,50,1,3.0,0,1,2.552586938083121,1,4,A
115,0,74,1,1.0,6,0,2.552586938083121,2,4,C
116,0,29,0,3.0,5,1,2.552586938083121,2,4,B
117,0,32,0,2.0,2,1,2.552586938083121,2,4,B
118,1,60,1,2.0,4,0,0.0,2,4,C
119,1,46,0,1.0,0,1,2.0,2,4,B
120,0,81,1,2.0,8,1,0.0,2,4,C
121,1,41,1,7.0,2,0,2.552586938083121,0,2,A
122,1,22,1,4.0,4,0,0.0,1,4,D
123,1,37,1,3.0,0,1,0.0,0,4,A
124,1,43,1,1.0,2,0,0.0,2,4,B
125,1,50,1,3.0,0,1,1.0,0,4,A
126,0,35,1,2.0,0,1,1.0,0,3,A
127,1,65,1,2.0,7,0,1.0,1,4,C
128,0,41,0,4.0,2,1,0.0,2,4,B
129,1,28,0,2.0,3,0,8.0,2,4,D
130,1,55,1,2.0,0,1,4.0,0,4,A
131,0,58,1,2.0,7,0,2.552586938083121,1,4,C
132,1,28,0,3.0,5,0,1.0,2,4,D
133,1,48,1,4.0,0,1,2.552586938083121,0,3,A
134,0,78,1,2.0,1,0,1.0,1,4,C
135,0,35,0,3.0,1,1,1.0,2,4,B
136,0,76,1,2.0,7,1,0.0,1,4,C
137,0,88,1,2.0,7,1,1.0,1,4,C
138,1,61,1,3.0,0,1,1.0,0,4,A
139,0,79,1,2.0,0,1,2.552586938083121,1,4,A
140,1,30,0,4.0,1,0,0.0,2,4,D
141,1,69,1,2.0,4,0,0.0,1,4,C
142,1,65,1,2.0,1,1,1.0,0,4,A
143,0,70,1,2.0,7,1,1.0,2,4,C
144,1,32,1,4.0,5,0,0.0,0,4,A
145,1,46,1,4.0,3,1,2.552586938083121,2,4,B
146,1,21,0,5.0,5,0,8.0,2,4,D
147,1,47,1,3.0,1,1,2.552586938083121,2,4,B
148,0,39,0,2.0,8,0,0.0,2,2,D
149,1,85,1,3.0,7,1,0.0,2,4,C
150,0,66,0,2.0,0,1,0.0,2,4,B
151,0,50,1,2.0,0,1,1.0,0,4,A
152,0,42,1,3.0,0,1,0.0,0,4,A
153,1,53,1,1.0,0,1,9.0,2,4,B
154,1,37,1,2.0,0,1,2.552586938083121,2,4,B
155,0,45,1,2.0,0,1,1.0,2,4,B
156,0,66,0,1.0,7,0,2.552586938083121,2,4,C
157,1,33,0,2.8253778838504378,8,0,2.552586938083121,2,4,D
158,1,40,1,1.0,0,1,4.0,2,4,B
159,0,35,1,1.0,0,1,1.0,2,5,B
160,1,27,0,2.0,0,1,2.552586938083121,2,4,B
161,0,48,1,3.0,0,1,0.0,0,2,A
162,0,56,1,2.0,0,1,0.0,0,4,A
163,1,25,1,6.0,5,1,2.552586938083121,2,4,D
164,0,30,0,8.0,0,0,2.552586938083121,2,4,D
165,0,46,1,3.0,3,1,7.0,2,4,B
166,1,49,1,2.0,7,0,0.0,2,4,C
167,1,72,1,4.0,8,0,1.0,2,4,C
168,0,79,1,2.0,7,1,2.552586938083121,1,4,C
169,0,35,0,3.0,0,1,2.552586938083121,2,4,B
170,0,77,1,1.0,7,1,0.0,2,4,C
171,0,79,1,2.0,7,0,2.552586938083121,1,4,C
172,1,42,1,4.0,5,1,6.0,1,4,A
173,0,42,0,1.0,2,1,2.552586938083121,2,4,B
174,1,67,1,2.0,7,0,2.552586938083121,1,5,C
175,1,26,0,1.0,5,1,1.0,2,4,B
176,1,67,1,2.0,7,1,1.0,1,4,C
177,1,55,1,1.0,2,1,1.0,2,4,B
178,0,56,1,2.0,0,1,2.552586938083121,0,4,A
179,1,63,1,4.0,0,1,2.552586938083121,0,4,A
180,1,46,1,2.0,0,1,8.0,0,4,A
181,1,32,1,2.0,5,1,7.0,2,4,B
182,0,49,0,1.0,6,1,13.0,2,4,B
183,1,59,1,2.0,0,1,1.0,1,4,A
184,1,22,0,5.0,5,0,8.0,2,2,D
185,0,28,0,1.0,0,1,8.0,2,4,B
186,1,28,0,3.0,3,1,1.0,2,4,B
187,1,75,1,1.0,7,1,2.0,2,4,C
188,0,37,1,2.0,0,1,13.0,2,4,B
189,1,50,1,2.0,1,1,0.0,0,4,A
190,0,50,1,4.0,4,1,1.0,1,4,A
191,0,88,1,2.8253778838504378,7,0,2.552586938083121,2,4,C
192,0,35,1,5.0,0,1,3.0,0,2,A
193,0,35,0,2.8253778838504378,0,0,2.552586938083121,2,3,D
194,1,31,1,3.0,3,0,2.552586938083121,0,4,A
195,1,46,1,1.0,0,1,0.0,2,4,B
196,0,50,1,4.0,0,1,1.0,0,4,A
197,0,33,0,3.0,0,1,7.0,2,4,B
198,1,49,1,1.0,0,1,0.0,2,4,B
199,1,52,1,3.0,0,1,1.0,0,4,A
200,1,25,0,3.0,5,0,0.0,2,4,D
201,0,41,1,1.0,0,1,6.0,2,4,B
202,0,68,1,2.0,0,1,0.0,1,4,A
203,0,79,1,2.0,7,0,2.0,1,4,C
204,1,40,1,5.0,3,1,5.0,0,4,A
205,0,62,0,1.0,1,1,2.552586938083121,2,4,B
206,1,21,0,2.0,5,0,2.552586938083121,2,4,D
207,0,20,0,4.0,5,0,2.552586938083121,2,5,D
208,1,28,0,5.0,3,1,1.0,2,4,D
209,1,57,1,2.0,1,1,0.0,0,2,A
210,0,25,0,2.8253778838504378,5,0,8.0,2,4,D
211,0,63,1,1.0,2,0,8.0,2,4,B
212,0,26,1,3.0,3,0,1.0,2,4,D
213,0,50,1,3.0,8,0,0.0,1,2,C
214,0,30,0,4.0,8,0,9.0,2,0,D
215,0,26,0,4.0,2,0,2.552586938083121,2,2,D
216,1,61,1,3.0,0,1,1.0,0,4,A
217,1,42,0,1.0,0,1,3.0,2,4,B
218,1,88,1,2.0,0,1,4.0,2,4,C
219,1,45,1,3.0,0,0,3.0,0,4,A
220,0,86,1,1.0,7,1,1.0,2,4,C
221,1,18,0,5.0,5,0,1.0,2,4,D
222,1,37,0,1.0,3,1,2.552586938083121,2,4,B
223,1,46,1,1.0,0,1,1.0,2,4,B
224,1,58,1,2.0,0,0,2.552586938083121,0,4,A
225,0,72,1,2.0,7,1,8.0,1,4,C
226,0,50,1,3.0,0,1,0.0,1,4,A
227,0,56,1,3.0,2,1,8.0,0,4,A
228,1,46,0,3.0,0,0,3.0,2,1,D
229,1,57,1,1.0,0,1,2.552586938083121,2,4,B
230,1,42,1,6.0,4,0,9.0,1,4,D
231,1,20,0,4.0,5,0,2.552586938083121,2,4,D
232,1,19,0,3.0,5,0,2.552586938083121,2,4,D
233,1,19,0,4.0,5,0,4.0,2,4,D
234,1,68,1,1.0,4,1,1.0,2,4,C
235,0,40,1,2.0,0,1,0.0,2,4,B
236,1,82,1,2.0,7,0,2.552586938083121,1,4,C
237,0,23,0,3.0,5,0,1.0,2,4,D
238,0,84,1,2.0,7,0,1.0,1,4,C
239,1,51,1,4.0,0,0,0.0,2,5,A
240,1,59,1,2.0,0,1,1.0,0,4,A
241,0,41,1,5.0,0,1,1.0,0,4,A
242,1,51,1,2.0,4,0,1.0,1,4,C
243,0,62,1,3.0,0,0,2.552586938083121,0,4,A
244,0,62,1,4.0,7,0,1.0,1,2,C
245,0,38,1,1.0,0,1,8.0,2,4,B
246,1,18,0,4.0,0,0,2.552586938083121,2,2,D
247,1,22,0,4.0,5,0,3.0,2,4,D
248,0,30,1,3.0,1,1,0.0,2,6,B
249,0,62,1,1.0,3,1,1.0,2,4,C
250,0,43,0,3.0,3,0,1.0,2,4,D
251,0,32,0,1.0,2,1,2.552586938083121,2,6,B
252,1,37,1,2.8253778838504378,0,1,1.0,1,4,A
253,1,48,0,1.0,0,1,1.0,2,4,B
254,0,31,0,2.0,2,1,4.0,2,4,B
255,1,46,1,4.0,0,0,4.0,1,4,A
256,0,49,1,4.0,2,0,1.0,0,4,A
257,1,43,1,4.0,1,0,2.552586938083121,0,4,A
258,1,42,0,1.0,0,1,8.0,2,4,B
259,1,37,1,2.0,1,1,2.552586938083121,2,4,B
260,1,72,1,2.0,3,1,2.552586938083121,1,4,C
261,1,71,1,1.0,4,0,2.552586938083121,1,4,C
262,0,39,0,1.0,2,1,1.0,2,2,B
263,1,20,0,5.0,5,0,0.0,2,0,D
264,0,26,0,1.0,0,0,2.552586938083121,2,3,B
265,1,72,1,1.0,4,1,1.0,2,4,C
266,1,70,1,1.0,5,1,0.0,2,2,C
267,1,45,0,1.0,0,1,2.0,2,4,B
268,1,33,0,5.0,4,0,7.0,2,4,D
269,1,50,1,3.0,3,0,0.0,0,4,A
270,1,31,0,1.0,3,1,6.0,2,4,B
271,0,74,1,2.0,7,0,1.0,1,4,C
272,0,68,1,2.0,0,0,2.552586938083121,1,4,A
273,0,49,0,1.0,0,1,2.552586938083121,2,4,B
274,1,49,1,2.0,8,1,0.0,1,4,C
275,0,18,0,3.0,5,0,1.0,2,4,D
276,0,85,1,2.0,3,0,2.0,0,4,C
277,0,38,0,4.0,3,1,2.552586938083121,2,4,B
278,1,28,1,4.0,0,0,0.0,2,4,D
279,1,46,1,2.0,0,0,3.0,0,4,A
280,1,59,1,3.0,6,1,9.0,0,4,A
281,0,56,1,2.0,0,1,0.0,2,4,B
282,1,69,1,1.0,0,1,0.0,2,4,B
283,1,66,1,2.0,0,1,0.0,2,4,B
284,1,18,0,6.0,5,0,4.0,2,0,D
285,1,36,0,1.0,0,1,4.0,2,2,B
286,1,31,0,2.0,8,1,1.0,2,6,B
287,1,67,1,2.0,4,0,1.0,1,2,C
288,0,39,0,1.0,0,1,7.0,2,4,B
289,1,42,0,3.0,3,1,4.0,2,4,B
290,1,50,1,2.0,0,1,0.0,2,4,B
291,0,37,1,2.0,0,1,0.0,0,4,A
292,0,59,0,1.0,0,1,0.0,2,4,B
293,1,50,1,2.0,0,1,8.0,2,4,B
294,1,48,1,3.0,0,1,8.0,2,0,B
295,1,55,1,1.0,0,1,9.0,2,4,B
296,0,33,0,3.0,1,1,1.0,2,4,B
297,1,38,0,1.0,0,1,13.0,2,3,B
298,1,43,0,2.0,0,1,0.0,2,4,B
299,0,53,0,2.0,0,1,0.0,2,4,B
300,1,37,0,1.0,3,1,0.0,2,4,B
301,0,36,0,1.0,0,1,5.0,2,4,B
302,1,36,0,1.0,0,1,5.0,2,4,B
303,1,62,1,1.0,0,1,1.0,2,4,B
304,0,38,0,2.0,0,0,2.0,2,4,B
305,1,55,0,1.0,3,1,1.0,2,4,B
306,1,60,1,2.0,3,0,1.0,0,4,A
307,0,36,1,2.0,3,1,7.0,0,1,A
308,1,30,0,9.0,3,0,5.0,2,6,D
309,0,66,0,3.0,3,0,4.0,2,4,D
310,1,45,1,1.0,3,1,1.0,2,4,B
311,0,40,0,2.8253778838504378,3,1,6.0,2,4,B
312,0,45,1,3.0,3,1,5.0,2,4,B
313,1,41,1,1.0,0,1,2.0,2,4,B
314,0,62,1,1.0,6,1,4.0,2,1,C
315,1,61,1,2.0,0,1,1.0,2,4,B
316,0,50,1,2.0,0,1,4.0,2,4,B
317,1,53,1,2.0,3,1,3.0,2,4,B
318,1,39,0,1.0,0,1,7.0,2,4,B
319,0,86,0,1.0,7,1,0.0,2,6,C
320,1,50,1,1.0,0,1,1.0,2,2,B
321,0,46,0,2.8253778838504378,3,0,4.0,2,2,D
322,1,52,0,1.0,8,1,0.0,2,6,C
323,0,45,0,1.0,8,0,0.0,2,4,D
324,0,37,0,1.0,0,1,9.0,2,4,B
325,0,36,1,1.0,2,1,3.0,2,4,B
326,0,25,0,1.0,0,1,2.552586938083121,2,4,B
327,0,40,0,1.0,1,0,1.0,2,4,B
328,1,41,1,2.0,0,1,11.0,1,4,B
329,0,25,1,2.0,6,1,2.552586938083121,1,4,B
330,1,80,1,2.0,7,0,4.0,0,4,C
331,0,46,0,1.0,0,1,3.0,2,6,B
332,0,81,1,1.0,7,1,1.0,2,4,C
333,1,40,1,2.0,0,1,0.0,2,6,B
334,1,49,0,1.0,0,1,1.0,2,6,B
335,0,26,0,3.0,5,1,8.0,2,6,B
336,1,26,0,1.0,0,1,1.0,2,2,B
337,0,47,0,1.0,0,1,0.0,2,2,B
338,0,71,1,2.8253778838504378,3,1,0.0,2,4,C
339,1,48,1,5.0,2,1,1.0,0,4,A
340,1,39,1,3.0,0,1,1.0,0,0,A
341,1,50,1,2.0,0,1,8.0,0,4,A
342,0,46,0,2.0,0,1,1.0,2,4,B
343,1,26,1,2.0,2,1,8.0,0,6,A
344,0,42,1,2.0,0,1,1.0,2,4,B
345,0,36,1,2.0,0,1,4.0,2,4,B
346,1,29,0,4.0,5,1,1.0,2,4,D
347,0,39,0,1.0,0,0,1.0,2,4,B
348,0,41,0,3.0,0,1,0.0,2,4,B
349,0,48,1,2.8253778838504378,8,1,8.0,2,4,C
350,1,40,1,3.0,3,1,9.0,1,4,A
351,0,25,0,3.0,5,1,4.0,2,4,B
352,0,41,1,2.0,0,1,7.0,2,4,B
353,1,37,0,1.0,0,1,11.0,2,4,B
354,0,53,0,2.8253778838504378,1,1,0.0,2,6,B
355,0,51,1,3.0,2,1,0.0,0,6,A
356,1,73,1,3.0,3,1,1.0,0,4,A
357,1,61,1,5.0,0,0,1.0,2,2,A
358,1,39,0,1.0,3,1,5.0,2,6,B
359,0,19,0,4.0,5,0,0.0,2,0,D
360,0,19,0,7.0,5,0,0.0,2,0,D
361,0,23,0,5.0,3,0,1.0,2,0,D
362,1,83,1,2.0,4,1,0.0,1,0,C
363,0,62,1,2.0,0,1,1.0,1,4,A
364,0,43,0,4.0,0,1,9.0,2,4,B
365,0,27,0,5.0,0,0,0.0,2,0,D
366,1,50,0,1.0,0,1,0.0,2,4,B
367,0,23,0,6.0,3,0,0.0,2,0,D
368,1,35,0,2.0,3,0,9.0,2,4,D
369,1,32,0,3.0,5,0,9.0,2,4,D
370,0,42,0,3.0,1,1,2.0,2,4,B
371,1,33,0,1.0,3,0,13.0,2,4,B
372,0,28,0,3.0,3,1,9.0,2,4,B
373,1,35,1,2.0,0,1,1.0,2,3,B
374,0,35,0,2.0,5,1,9.0,2,4,B
375,0,39,1,2.0,3,1,0.0,2,4,B
376,1,28,1,1.0,0,1,6.0,2,4,B
377,1,35,1,6.0,3,1,11.0,2,4,B
378,0,45,1,2.0,2,1,0.0,0,4,A
379,0,73,1,2.8253778838504378,7,1,4.0,1,4,C
380,1,52,0,1.0,3,0,1.0,2,4,B
381,1,28,0,3.0,5,0,0.0,2,4,D
382,1,38,1,3.0,5,1,9.0,2,4,B
383,0,42,0,1.0,3,1,8.0,2,4,B
384,0,26,0,2.8253778838504378,1,0,9.0,2,4,D
385,0,27,0,2.0,5,1,7.0,2,4,B
386,1,41,1,2.0,0,1,0.0,2,4,B
387,1,41,1,2.0,0,1,1.0,2,4,B
388,1,47,1,4.0,4,1,0.0,1,4,A
389,1,35,0,1.0,1,1,8.0,2,4,B
390,0,88,0,1.0,7,1,0.0,2,4,C
391,0,46,0,1.0,0,1,6.0,2,4,B
392,0,41,1,2.0,0,1,3.0,2,4,B
393,0,30,0,5.0,1,1,10.0,2,4,B
394,1,43,1,2.0,1,1,12.0,2,4,B
395,0,29,0,2.0,3,1,9.0,2,4,B
396,1,48,1,1.0,0,1,1.0,2,4,B
397,0,61,1,6.0,0,1,4.0,0,2,A
398,0,51,0,1.0,7,1,2.0,2,4,B
399,0,38,0,1.0,0,1,2.0,2,4,B
400,0,49,1,1.0,3,1,0.0,1,4,A
401,0,43,0,1.0,5,1,9.0,2,4,B
402,1,27,0,4.0,5,0,14.0,2,4,D
403,0,35,0,6.0,1,0,14.0,2,3,D
404,0,39,1,2.0,1,0,4.0,0,3,A
405,0,52,1,2.8253778838504378,2,0,9.0,2,4,B
406,0,38,0,1.0,2,1,10.0,2,4,B
407,0,30,0,2.0,3,1,12.0,2,4,B
408,0,43,0,1.0,0,1,10.0,2,4,B
409,0,42,0,4.0,3,0,10.0,2,4,D
410,0,46,0,1.0,0,1,2.0,2,3,B
411,0,47,0,2.0,0,1,11.0,2,4,B
412,0,32,0,5.0,3,0,13.0,2,3,D
413,0,53,1,2.0,0,1,11.0,0,4,A
414,0,43,1,2.8253778838504378,0,1,12.0,0,4,A
415,0,39,0,2.0,0,1,0.0,2,4,B
416,1,42,1,2.0,0,1,3.0,0,4,A
417,0,37,0,1.0,0,1,3.0,2,6,B
418,1,19,0,4.0,5,0,0.0,2,4,D
419,1,30,0,1.0,8,0,1.0,2,6,D
420,0,49,1,1.0,0,1,0.0,2,2,B
421,1,55,1,3.0,5,1,0.0,2,2,C
422,0,59,1,2.0,1,1,1.0,2,2,B
423,0,46,1,2.0,0,1,2.552586938083121,2,4,B
424,0,27,1,2.0,4,1,9.0,1,4,B
425,0,25,0,2.0,0,1,1.0,2,4,B
426,0,37,0,1.0,1,1,1.0,2,4,B
427,1,38,0,3.0,0,1,9.0,2,4,B
428,1,29,0,3.0,3,1,9.0,2,4,B
429,1,28,0,2.0,0,1,11.0,2,4,B
430,0,27,1,2.0,8,1,8.0,2,4,B
431,0,42,0,2.0,3,0,3.0,2,4,D
432,0,43,0,2.0,0,1,14.0,2,4,B
433,0,40,1,2.0,5,1,8.0,0,4,A
434,1,41,0,3.0,0,1,9.0,2,4,B
435,1,46,1,1.0,3,0,8.0,2,5,B
436,0,32,0,3.0,5,1,9.0,2,4,B
437,0,56,0,1.0,3,1,1.0,2,4,B
438,1,28,0,1.0,8,1,12.0,2,4,B
439,0,25,0,3.0,0,1,0.0,2,3,B
440,1,42,1,7.0,0,1,6.0,2,4,A
441,0,41,0,2.0,3,1,5.0,2,4,B
442,1,36,1,2.0,5,1,3.0,2,4,B
443,0,42,0,1.0,0,1,2.0,2,4,B
444,0,42,0,4.0,0,1,8.0,2,4,B
445,0,55,0,2.0,3,1,1.0,2,4,B
446,1,52,1,2.8253778838504378,3,1,1.0,1,4,A
447,0,47,0,1.0,2,1,1.0,2,4,B
448,1,57,1,3.0,0,1,2.0,1,4,A
449,0,26,0,1.0,0,1,8.0,2,4,B
450,0,28,0,2.0,0,0,5.0,2,4,B
451,0,37,0,1.0,1,1,0.0,2,4,B
452,1,89,1,1.0,7,0,0.0,2,6,C
453,1,25,0,1.0,8,0,2.0,2,6,D
454,1,50,1,4.0,4,1,1.0,1,2,A
455,0,42,0,1.0,1,1,5.0,2,4,B
456,1,48,0,1.0,0,1,2.552586938083121,2,4,B
457,0,37,0,2.8253778838504378,3,1,9.0,2,6,B
458,0,30,0,5.0,2,0,1.0,2,6,D
459,1,26,1,4.0,3,0,2.0,2,6,D
460,0,47,1,2.0,0,1,2.552586938083121,0,4,A
461,1,36,0,4.0,5,0,2.552586938083121,2,2,D
462,1,53,1,4.0,1,0,2.552586938083121,0,6,A
463,1,30,0,6.0,3,0,1.0,2,6,D
464,0,20,0,7.0,5,0,4.0,2,6,D
465,0,19,0,5.0,8,0,8.0,2,6,D
466,1,19,0,6.0,5,0,9.0,2,6,D
467,0,37,0,2.8253778838504378,8,0,12.0,2,6,D
468,1,20,0,6.0,5,0,0.0,2,6,D
469,1,39,1,3.0,4,0,2.552586938083121,0,6,A
470,0,26,0,3.0,2,1,1.0,2,6,B
471,1,31,0,4.0,1,0,0.0,2,6,D
472,1,31,1,3.0,5,1,2.0,1,6,A
473,0,41,1,3.0,2,1,9.0,0,6,A
474,0,32,1,2.0,6,0,2.552586938083121,0,2,A
475,0,42,1,3.0,6,1,0.0,0,6,A
476,0,89,1,2.8253778838504378,7,0,1.0,2,6,C
477,1,78,1,3.0,7,0,1.0,1,6,C
478,0,65,1,2.0,7,1,1.0,2,6,C
479,0,48,1,2.8253778838504378,6,1,0.0,0,6,A
480,1,36,0,2.0,0,1,8.0,2,6,B
481,0,55,1,4.0,0,1,0.0,0,6,A
482,1,52,1,2.0,2,1,0.0,0,6,A
483,1,52,1,3.0,6,1,7.0,0,6,A
484,0,41,1,1.0,0,1,1.0,2,6,B
485,0,36,1,1.0,2,1,2.552586938083121,2,6,B
486,0,37,0,1.0,2,0,7.0,2,6,B
487,0,40,0,2.0,5,0,1.0,2,5,D
488,1,38,1,2.0,6,1,2.552586938083121,0,6,A
489,1,25,0,3.0,1,0,0.0,2,6,D
490,0,33,0,4.0,2,1,1.0,2,6,B
491,1,26,0,1.0,0,1,1.0,2,6,B
492,0,28,0,1.0,3,0,0.0,2,6,D
493,1,18,0,6.0,8,0,0.0,2,6,D
494,1,52,0,3.0,3,0,0.0,2,6,D
495,1,26,0,2.0,5,1,0.0,2,6,B
496,1,18,0,4.0,5,0,0.0,2,6,D
497,0,20,0,2.0,8,0,1.0,2,6,D
498,0,36,1,3.0,1,1,0.0,0,6,A
499,1,27,1,2.0,1,1,8.0,0,2,A
500,1,21,0,5.0,5,0,2.552586938083121,2,3,D
501,1,27,0,4.0,3,1,8.0,2,6,B
502,0,28,0,2.8253778838504378,5,1,2.552586938083121,2,6,B
503,1,63,1,4.0,7,1,2.552586938083121,2,6,C
504,1,48,0,2.8253778838504378,3,1,2.552586938083121,2,6,B
505,1,80,1,2.0,7,1,1.0,2,6,C
506,0,71,1,3.0,7,1,7.0,1,6,C
507,1,47,1,4.0,1,0,8.0,1,4,A
508,0,22,0,4.0,0,0,1.0,2,6,D
509,1,35,1,2.0,0,1,2.552586938083121,1,6,A
510,0,40,0,6.0,3,0,2.552586938083121,2,6,D
511,0,18,0,2.8253778838504378,5,0,2.552586938083121,2,6,D
512,0,26,0,4.0,0,1,0.0,2,6,B
513,0,73,1,5.0,7,1,2.552586938083121,2,5,C
514,1,86,1,1.0,7,1,2.552586938083121,2,6,C
515,0,37,0,2.0,1,0,1.0,2,6,B
516,1,59,1,2.8253778838504378,3,1,2.552586938083121,2,6,C
517,0,28,0,1.0,6,0,8.0,2,2,D
518,0,29,1,3.0,0,1,9.0,2,4,B
519,0,37,1,3.0,8,1,7.0,0,4,A
520,0,46,1,3.0,8,1,2.552586938083121,0,4,A
521,1,39,0,1.0,3,1,6.0,2,4,B
522,0,33,0,1.0,6,0,8.0,2,4,D
523,0,32,0,2.0,1,1,2.552586938083121,2,6,B
524,0,32,0,2.0,1,0,6.0,2,6,B
525,0,25,1,1.0,6,0,8.0,2,6,B
526,0,48,1,2.0,6,1,9.0,0,6,A
527,0,27,0,1.0,6,0,8.0,2,6,D
528,0,49,0,1.0,0,1,1.0,2,4,B
529,0,33,1,5.0,2,1,8.0,0,2,A
530,0,33,0,6.0,2,0,7.0,2,2,D
531,1,39,1,3.0,0,1,0.0,2,4,B
532,1,50,1,4.0,3,1,0.0,0,4,A
533,0,84,1,2.8253778838504378,7,1,0.0,2,6,C
534,0,46,1,2.0,0,1,0.0,0,4,A
535,1,31,1,3.0,3,0,0.0,0,6,A
536,1,57,1,2.0,0,1,3.0,0,4,A
537,1,73,1,4.0,4,0,1.0,1,6,C
538,1,36,1,4.0,3,1,9.0,2,4,B
539,1,53,0,4.0,8,1,2.0,2,4,D
540,1,41,1,2.8253778838504378,3,1,9.0,0,0,A
541,0,53,0,2.8253778838504378,2,0,0.0,2,3,D
542,1,35,1,3.0,0,1,2.0,0,4,A
543,1,62,1,3.0,0,1,0.0,0,4,A
544,1,23,0,3.0,8,0,0.0,2,4,D
545,1,51,0,2.0,0,1,1.0,2,4,B
546,0,83,1,2.0,7,0,1.0,1,4,C
547,0,26,0,2.0,5,1,0.0,2,6,B
548,1,86,1,1.0,7,1,1.0,2,4,C
549,1,26,0,4.0,5,1,0.0,2,3,D
550,1,42,1,3.0,4,1,0.0,2,4,B
551,0,41,1,1.0,6,1,9.0,2,4,B
552,1,67,1,3.0,7,0,0.0,2,4,C
553,1,68,1,2.0,7,1,1.0,1,4,C
554,0,45,1,2.0,2,0,0.0,1,4,A
555,0,86,1,2.0,7,0,0.0,1,4,C
556,1,62,1,2.0,0,1,0.0,1,6,A
557,1,42,1,2.0,0,1,1.0,2,4,B
558,1,26,0,3.0,1,1,0.0,2,2,B
559,1,48,0,1.0,3,0,1.0,2,4,D
560,1,40,1,5.0,3,0,3.0,0,0,A
561,1,20,0,4.0,5,0,0.0,2,4,D
562,0,25,0,1.0,0,1,1.0,2,1,B
563,1,37,0,2.8253778838504378,0,1,1.0,2,4,B
564,1,77,1,1.0,7,1,1.0,2,4,C
565,1,50,1,2.0,5,1,2.552586938083121,2,4,C
566,0,22,0,4.0,8,0,0.0,2,4,D
567,1,26,0,3.0,0,1,1.0,2,4,B
568,1,71,1,3.0,1,0,0.0,0,4,A
569,1,50,1,2.0,0,1,2.552586938083121,2,4,B
570,1,29,0,1.0,3,0,1.0,2,2,D
571,1,51,1,4.0,3,1,2.552586938083121,2,4,B
572,1,52,1,4.0,0,1,6.0,0,4,A
573,1,20,0,3.0,5,0,1.0,2,6,D
574,1,26,0,9.0,1,1,0.0,2,2,D
575,1,37,0,2.8253778838504378,5,1,2.552586938083121,2,2,D
576,0,33,0,2.8253778838504378,5,1,2.552586938083121,2,4,B
577,0,39,1,2.0,0,1,0.0,2,2,B
578,0,53,1,5.0,0,0,1.0,0,4,A
579,1,49,1,4.0,3,0,0.0,0,4,A
580,1,21,0,2.0,5,0,0.0,2,6,D
581,1,39,1,1.0,6,0,8.0,2,4,C
582,0,38,1,4.0,0,0,2.0,0,6,A
583,1,22,0,4.0,5,0,4.0,2,4,D
584,1,52,1,4.0,0,0,2.0,0,4,A
585,1,40,0,3.0,3,1,2.552586938083121,2,4,B
586,1,20,0,3.0,1,0,8.0,2,4,D
587,1,41,0,3.0,4,1,1.0,2,4,B
588,1,30,0,1.0,0,1,1.0,2,6,B
589,0,89,1,3.0,7,1,1.0,1,4,C
590,1,83,1,3.0,7,0,1.0,1,4,C
591,1,53,1,3.0,0,1,0.0,0,4,A
592,1,31,0,5.0,1,0,1.0,2,0,D
593,1,48,1,4.0,0,1,1.0,0,4,A
594,0,29,0,2.0,1,0,0.0,2,4,D
595,1,87,1,1.0,7,1,0.0,2,4,C
596,1,19,0,7.0,2,0,4.0,2,4,D
597,1,60,1,2.0,3,0,1.0,2,4,C
598,1,23,0,2.0,5,0,1.0,2,6,D
599,1,61,1,4.0,4,1,9.0,1,4,A
600,0,27,0,3.0,0,1,1.0,2,4,B
601,1,32,1,2.0,1,0,14.0,0,6,A
602,1,79,1,2.0,7,1,0.0,1,4,C
603,1,19,0,4.0,5,0,1.0,2,4,D
604,1,42,1,3.0,4,1,0.0,1,2,A
605,1,76,1,1.0,7,0,1.0,2,4,C
606,0,41,1,2.0,8,0,1.0,0,4,C
607,1,38,1,4.0,3,1,0.0,0,4,A
608,1,43,1,3.0,3,1,0.0,0,2,A
609,1,19,0,3.0,5,0,1.0,2,5,D
610,0,28,0,3.0,5,1,1.0,2,3,D
611,1,56,1,4.0,0,1,0.0,0,4,A
612,1,28,0,3.0,2,1,0.0,2,6,B
613,1,60,1,2.0,8,0,1.0,1,6,C
614,0,55,0,2.8253778838504378,0,1,0.0,2,6,B
615,1,35,1,2.0,3,1,1.0,0,6,A
616,1,25,0,5.0,5,0,5.0,2,6,D
617,1,71,1,1.0,0,1,1.0,2,6,C
618,1,65,1,2.0,7,0,2.552586938083121,1,6,C
619,1,74,1,1.0,7,1,1.0,2,4,C
620,0,20,0,4.0,5,0,5.0,2,2,D
621,1,43,1,2.0,3,0,9.0,2,2,B
622,0,20,0,6.0,8,0,3.0,2,6,D
623,1,40,1,5.0,5,1,2.552586938083121,1,6,A
624,0,46,1,5.0,2,1,0.0,1,6,A
625,0,65,1,7.0,7,0,1.0,1,6,C
626,1,21,0,2.8253778838504378,5,0,0.0,2,2,D
627,1,50,1,7.0,5,0,1.0,2,2,D
628,1,18,0,5.0,5,0,0.0,2,2,D
629,0,61,1,7.0,1,1,1.0,2,3,A
630,1,49,1,3.0,0,1,1.0,1,4,A
631,1,39,1,4.0,4,0,2.552586938083121,1,6,A
632,0,52,1,2.0,7,0,1.0,1,4,C
633,1,56,1,5.0,4,1,0.0,1,4,A
634,1,55,1,6.0,4,1,2.552586938083121,2,6,C
635,1,42,1,5.0,2,0,1.0,0,6,A
636,0,33,0,6.0,6,0,0.0,2,6,D
637,1,19,0,4.0,5,0,8.0,2,5,D
638,0,27,0,1.0,2,0,1.0,2,6,B
639,0,38,1,4.0,0,1,1.0,0,6,A
640,0,38,0,4.0,0,0,1.0,2,6,D
641,0,43,1,1.0,1,1,8.0,2,4,B
642,1,53,1,4.0,0,1,1.0,0,6,A
643,1,33,1,4.0,4,0,4.0,1,6,A
644,0,30,0,2.8253778838504378,5,1,7.0,2,6,B
645,0,22,0,3.0,5,0,6.0,2,6,D
646,1,33,0,4.0,1,0,0.0,2,6,D
647,1,21,0,8.0,5,0,1.0,2,2,D
648,1,20,0,5.0,5,0,1.0,2,2,D
649,1,19,0,3.0,5,0,7.0,2,4,D
650,0,58,1,4.0,3,1,1.0,0,4,A
651,1,67,1,2.8253778838504378,0,1,1.0,1,4,A
652,0,36,1,2.0,3,1,1.0,2,6,B
653,0,30,0,2.8253778838504378,6,0,8.0,2,6,D
654,1,23,0,4.0,6,0,1.0,2,6,D
655,0,42,0,2.8253778838504378,3,1,1.0,2,6,B
656,0,37,0,3.0,8,0,8.0,2,6,D
657,0,58,1,4.0,3,0,9.0,2,6,C
658,0,26,1,2.0,2,0,7.0,0,6,A
659,1,39,0,2.0,3,1,9.0,2,6,B
660,0,23,0,4.0,8,0,2.552586938083121,2,6,D
661,1,41,1,4.0,4,0,8.0,0,5,A
662,1,26,1,3.0,3,0,0.0,2,6,D
663,0,25,1,3.0,2,0,3.0,2,6,D
664,1,19,0,4.0,5,0,2.552586938083121,2,6,D
665,1,36,0,5.0,4,0,0.0,2,6,D
666,1,29,0,4.0,5,0,9.0,2,6,D
667,1,26,0,1.0,8,0,1.0,2,6,D
668,0,78,0,1.0,7,1,2.552586938083121,2,4,C
669,0,55,0,1.0,0,1,2.552586938083121,2,4,B
670,1,26,0,3.0,5,1,2.552586938083121,2,0,D
671,0,46,0,1.0,3,1,0.0,2,4,B
672,1,29,0,4.0,5,0,0.0,2,4,D
673,0,36,0,1.0,0,1,10.0,2,4,B
674,1,27,1,6.0,4,0,1.0,2,4,D
675,0,29,0,3.0,4,0,8.0,2,4,D
676,0,25,0,4.0,8,0,1.0,2,4,D
677,0,30,0,6.0,8,0,10.0,2,4,D
678,1,45,1,2.0,0,1,1.0,2,4,B
679,0,21,0,2.8253778838504378,4,0,0.0,2,6,D
680,0,41,1,2.8253778838504378,4,1,2.552586938083121,1,6,A
681,1,38,1,2.8253778838504378,3,1,2.552586938083121,2,6,B
682,0,28,0,1.0,5,1,9.0,2,4,B
683,1,33,0,5.0,1,1,1.0,2,0,D
684,1,31,1,2.0,5,1,7.0,2,4,B
685,1,45,1,2.0,5,1,0.0,2,4,C
686,1,47,1,5.0,8,1,0.0,2,4,C
687,0,39,0,1.0,5,0,0.0,2,4,D
688,0,47,0,2.8253778838504378,8,1,1.0,2,4,D
689,0,53,1,1.0,1,1,0.0,2,6,B
690,1,27,0,4.0,1,0,1.0,2,2,D
691,1,37,1,2.0,2,1,1.0,0,2,A
692,0,62,1,3.0,0,1,1.0,0,2,A
693,0,29,0,7.0,2,0,0.0,2,2,D
694,0,51,1,1.0,0,1,0.0,2,2,B
695,1,30,0,6.0,8,0,1.0,2,2,D
696,1,18,0,4.0,3,0,0.0,2,2,D
697,0,87,1,2.0,7,1,2.552586938083121,1,4,C
698,1,68,1,2.0,8,1,0.0,2,3,C
699,1,84,1,1.0,7,1,5.0,2,4,C
700,1,22,0,9.0,5,0,2.0,2,0,D
701,0,22,0,4.0,1,0,2.0,2,4,D
702,1,21,0,3.0,5,0,1.0,2,4,D
703,0,89,1,2.0,7,0,2.552586938083121,1,6,C
704,1,73,1,2.0,7,0,0.0,1,4,C
705,0,75,1,2.0,7,1,0.0,1,4,C
706,0,20,0,4.0,1,0,6.0,2,0,D
707,1,22,0,2.0,5,0,1.0,2,4,D
708,0,22,0,4.0,5,0,0.0,2,4,D
709,1,63,1,2.8253778838504378,0,1,0.0,0,4,A
710,1,46,1,3.0,0,1,1.0,0,4,A
711,1,58,1,2.0,0,0,0.0,0,4,A
712,0,41,0,3.0,0,1,1.0,2,4,B
713,1,42,1,2.0,0,1,0.0,0,4,A
714,0,43,1,2.0,5,1,6.0,0,4,A
715,0,49,0,1.0,0,1,3.0,2,4,B
716,0,40,0,1.0,0,1,0.0,2,4,B
717,1,53,1,2.0,4,0,8.0,1,4,C
718,1,36,1,2.0,0,1,4.0,0,3,A
719,1,50,1,2.0,0,1,8.0,2,4,B
720,1,42,1,1.0,5,1,1.0,2,4,C
721,1,30,0,4.0,5,0,0.0,2,0,D
722,1,29,0,5.0,5,0,2.0,2,0,D
723,1,28,0,2.0,3,1,1.0,2,4,B
724,1,27,0,4.0,5,1,1.0,2,4,D
725,1,49,0,1.0,0,1,0.0,2,4,B
726,1,32,0,1.0,5,1,1.0,2,4,B
727,1,25,0,3.0,1,1,1.0,2,4,B
728,0,63,1,1.0,0,1,2.552586938083121,2,4,B
729,0,42,0,1.0,0,1,8.0,2,4,B
730,1,31,0,2.8253778838504378,5,1,1.0,2,1,D
731,1,71,1,2.0,0,1,0.0,1,4,A
732,1,20,0,5.0,5,0,2.552586938083121,2,0,D
733,1,22,0,4.0,5,0,1.0,2,4,D
734,0,29,0,5.0,3,1,1.0,2,4,D
735,1,47,1,3.0,8,1,0.0,2,4,C
736,1,43,1,3.0,0,1,2.552586938083121,0,4,A
737,1,32,0,3.0,0,1,1.0,2,2,B
738,1,47,1,2.0,0,1,7.0,0,4,A
739,1,46,0,1.0,0,1,0.0,2,4,B
740,0,41,1,2.0,0,1,1.0,0,4,A
741,1,37,1,2.0,3,1,0.0,0,4,A
742,1,40,1,2.0,0,1,0.0,0,4,A
743,1,60,1,4.0,0,1,0.0,0,4,A
744,1,46,1,6.0,0,1,0.0,0,0,A
745,0,36,1,4.0,0,1,6.0,1,3,A
746,0,38,0,1.0,8,0,0.0,2,4,D
747,0,32,1,5.0,1,0,0.0,2,4,D
748,0,41,0,1.0,0,1,5.0,2,4,B
749,1,56,1,3.0,8,1,0.0,2,4,C
750,1,31,1,2.0,0,1,8.0,0,4,A
751,1,45,1,2.0,0,0,0.0,2,3,B
752,1,69,1,3.0,3,1,2.552586938083121,0,4,A
753,1,37,1,2.0,0,1,0.0,2,4,B
754,1,47,1,4.0,0,1,1.0,0,0,A
755,0,52,1,3.0,0,1,1.0,0,4,A
756,0,57,1,3.0,0,1,1.0,1,4,A
757,0,50,0,1.0,0,1,9.0,2,4,B
758,1,27,1,2.0,2,0,0.0,0,4,A
759,0,45,1,3.0,2,1,1.0,1,4,A
760,0,30,0,2.0,0,1,8.0,2,4,B
761,1,45,1,2.0,0,1,0.0,2,4,B
762,1,30,0,4.0,5,0,1.0,2,4,D
763,1,31,1,3.0,3,1,1.0,0,4,A
764,0,45,1,4.0,0,1,1.0,0,6,A
765,1,67,1,2.0,0,1,0.0,1,4,A
766,1,76,1,2.0,4,0,1.0,1,4,C
767,1,69,1,2.0,3,1,0.0,2,4,C
768,1,83,1,2.0,3,0,0.0,2,4,C
769,1,38,1,2.0,2,1,0.0,2,4,B
770,1,36,1,1.0,0,1,0.0,2,4,B
771,1,41,0,2.0,0,1,2.0,2,0,B
772,0,69,1,3.0,7,0,0.0,2,4,C
773,0,33,0,3.0,2,1,0.0,2,4,B
774,1,38,0,3.0,0,1,1.0,2,3,B
775,0,48,1,2.0,2,1,1.0,0,4,A
776,1,51,1,2.0,2,1,2.0,0,4,A
777,1,56,1,2.0,4,1,1.0,1,4,C
778,1,57,1,3.0,0,1,0.0,0,4,A
779,0,49,1,3.0,0,1,1.0,0,4,A
780,1,30,0,3.0,5,1,0.0,2,4,D
781,0,40,1,2.0,1,1,8.0,0,4,A
782,0,30,0,2.8253778838504378,0,1,0.0,2,4,B
783,1,38,1,2.0,3,0,0.0,0,4,A
784,0,31,0,5.0,5,1,8.0,2,4,D
785,1,33,0,2.0,1,1,0.0,2,4,B
786,1,50,0,2.0,0,1,0.0,2,4,B
787,1,52,1,3.0,4,1,2.552586938083121,1,4,A
788,0,39,1,2.8253778838504378,0,1,0.0,0,0,A
789,1,73,1,2.0,4,1,0.0,1,4,C
790,1,46,1,3.0,0,1,0.0,0,4,A
791,1,50,1,2.0,0,1,0.0,2,3,B
792,1,30,0,6.0,5,0,0.0,2,4,D
793,0,60,1,2.0,1,1,0.0,0,4,A
794,0,39,1,2.0,6,1,9.0,0,4,A
795,0,59,1,2.0,0,1,1.0,0,1,A
796,0,51,1,2.0,0,1,0.0,0,4,A
797,0,40,1,2.0,0,1,5.0,0,0,A
798,1,23,0,3.0,5,0,1.0,2,4,D
799,1,53,1,4.0,0,1,4.0,0,0,A
800,1,32,0,5.0,5,0,7.0,2,4,D
801,1,52,1,4.0,4,1,0.0,1,4,A
802,0,31,0,1.0,2,1,0.0,2,4,B
803,1,30,0,4.0,5,1,3.0,2,4,D
804,1,25,0,3.0,5,1,8.0,2,3,B
805,1,40,1,4.0,4,1,1.0,1,4,A
806,0,27,0,4.0,5,1,4.0,2,4,D
807,1,61,1,2.0,0,1,0.0,2,4,B
808,0,33,0,1.0,2,1,1.0,2,2,B
809,1,28,0,4.0,1,1,1.0,2,2,D
810,0,48,1,2.0,0,1,2.0,0,4,A
811,0,73,1,2.0,0,1,0.0,1,4,A
812,1,36,1,2.0,0,0,0.0,0,1,A
813,0,32,0,4.0,5,0,0.0,2,4,D
814,1,82,1,2.0,7,0,0.0,1,4,C
815,1,28,0,3.0,0,1,1.0,2,2,B
816,0,42,0,3.0,0,1,8.0,2,0,B
817,0,60,1,9.0,7,1,6.0,1,4,A
818,0,46,0,1.0,0,1,1.0,2,2,B
819,1,31,0,3.0,1,0,0.0,2,4,D
820,0,50,1,1.0,0,1,1.0,2,3,B
821,0,30,0,1.0,2,1,3.0,2,2,B
822,0,49,0,3.0,0,1,1.0,2,4,B
823,0,51,1,6.0,1,1,0.0,0,2,A
824,0,46,1,3.0,0,1,2.552586938083121,0,4,A
825,1,53,1,4.0,0,1,0.0,0,4,A
826,1,65,1,2.0,0,1,0.0,1,4,A
827,0,22,0,5.0,5,0,0.0,2,4,D
828,1,65,1,3.0,1,1,1.0,0,4,A
829,0,39,1,2.0,2,1,0.0,0,2,A
830,1,84,1,2.0,0,1,0.0,1,4,C
831,1,37,0,1.0,0,1,0.0,2,4,B
832,1,28,1,2.0,1,1,8.0,0,4,A
833,0,82,1,2.0,7,0,0.0,1,4,C
834,0,87,1,2.0,7,1,0.0,1,4,C
835,0,69,0,5.0,7,1,1.0,2,4,C
836,0,51,1,5.0,0,1,2.552586938083121,1,4,A
837,0,74,1,1.0,7,1,1.0,2,4,C
838,0,79,1,2.0,7,1,1.0,1,4,C
839,0,21,0,1.0,7,0,9.0,2,4,D
840,0,20,0,5.0,5,0,5.0,2,0,D
841,0,43,0,1.0,1,1,3.0,2,0,B
842,0,25,0,3.0,5,0,1.0,2,4,D
843,1,43,0,4.0,0,1,0.0,2,4,B
844,0,42,0,1.0,0,1,1.0,2,4,B
845,1,25,0,4.0,1,1,10.0,2,4,B
846,1,59,1,1.0,0,1,0.0,2,6,B
847,0,49,0,5.0,8,1,0.0,2,4,D
848,0,32,0,4.0,1,0,1.0,2,4,D
849,1,36,1,2.0,0,1,8.0,1,4,A
850,1,45,1,3.0,8,1,9.0,2,4,C
851,1,29,0,3.0,5,1,2.552586938083121,2,4,D
852,1,37,1,2.0,0,1,0.0,2,4,B
853,0,48,1,4.0,1,1,1.0,0,4,A
854,0,65,0,2.0,0,1,0.0,2,0,B
855,1,39,0,2.0,8,0,1.0,2,4,D
856,1,25,0,7.0,3,0,1.0,2,2,D
857,0,49,1,5.0,0,0,5.0,2,4,D
858,0,77,1,2.0,7,1,1.0,1,4,C
859,0,38,0,1.0,0,1,9.0,2,4,B
860,1,19,0,6.0,8,1,0.0,2,2,D
861,0,76,1,2.0,7,1,1.0,1,4,C
862,1,28,0,4.0,1,1,0.0,2,4,B
863,1,51,1,3.0,1,1,1.0,0,6,A
864,0,28,0,5.0,1,1,0.0,2,3,D
865,0,42,0,1.0,5,1,0.0,2,0,B
866,1,45,1,1.0,0,1,1.0,2,4,B
867,1,63,1,3.0,4,1,6.0,1,4,A
868,0,18,0,6.0,1,0,0.0,2,4,D
869,1,26,0,4.0,0,1,7.0,2,4,B
870,1,31,1,2.0,0,1,2.552586938083121,0,0,A
871,1,43,0,4.0,3,1,5.0,2,0,D
872,0,60,1,2.8253778838504378,0,1,7.0,2,4,B
873,0,36,0,1.0,0,1,0.0,2,4,B
874,1,32,0,4.0,5,0,1.0,2,0,D
875,1,68,1,1.0,7,1,2.552586938083121,2,4,C
876,1,60,1,1.0,3,1,1.0,2,4,C
877,0,42,0,1.0,0,1,0.0,2,2,B
878,0,18,0,5.0,5,0,6.0,2,4,D
879,1,69,1,2.0,7,0,0.0,1,4,C
880,0,42,0,2.8253778838504378,1,1,0.0,2,4,B
881,0,70,1,1.0,0,1,1.0,2,4,B
882,1,25,0,3.0,5,1,1.0,2,4,D
883,1,56,1,3.0,3,1,1.0,0,4,A
884,0,40,0,1.0,0,1,9.0,2,4,B
885,1,23,0,6.0,5,0,1.0,2,4,D
886,0,20,0,4.0,8,0,3.0,2,3,D
887,0,39,0,1.0,3,1,2.0,2,4,B
888,0,19,0,4.0,5,0,0.0,2,4,D
889,1,28,0,2.8253778838504378,3,1,2.552586938083121,2,1,B
890,1,40,1,2.0,2,0,1.0,0,4,A
891,0,60,1,4.0,2,1,1.0,0,0,A
892,1,33,0,4.0,5,0,3.0,2,4,D
893,1,20,1,2.0,1,0,14.0,2,4,B
894,0,35,0,4.0,0,0,7.0,2,4,D
895,1,27,0,5.0,1,1,0.0,2,4,D
896,0,42,1,2.0,0,1,1.0,0,4,A
897,1,30,1,4.0,8,0,0.0,2,2,D
898,0,56,1,2.0,4,1,0.0,0,4,A
899,1,28,1,2.0,3,1,0.0,0,4,A
900,0,38,1,2.0,0,1,6.0,0,4,A
901,1,26,0,1.0,3,1,9.0,2,0,B
902,1,36,0,1.0,2,0,0.0,2,4,D
903,1,56,0,1.0,3,0,0.0,2,4,B
904,1,26,0,1.0,3,1,0.0,2,4,B
905,1,28,0,4.0,0,1,4.0,2,4,B
906,1,32,0,5.0,5,0,0.0,2,4,D
907,0,52,0,1.0,0,1,4.0,2,4,B
908,0,23,0,4.0,5,0,0.0,2,4,D
909,1,23,0,5.0,5,0,2.552586938083121,2,2,D
910,1,50,1,2.0,0,1,0.0,2,4,B
911,1,26,1,2.0,0,1,2.552586938083121,2,4,B
912,1,40,1,2.0,3,1,8.0,2,4,B
913,0,53,1,2.0,0,1,1.0,0,4,A
914,1,63,1,3.0,0,1,0.0,0,3,A
915,1,62,1,3.0,4,1,0.0,1,4,C
916,0,38,0,1.0,0,1,1.0,2,4,B
917,0,57,1,2.0,0,0,1.0,0,0,A
918,0,43,0,1.0,0,1,9.0,2,4,B
919,1,21,0,3.0,8,0,1.0,2,2,D
920,1,22,0,5.0,5,0,0.0,2,4,D
921,1,68,1,1.0,0,1,1.0,2,4,B
922,0,28,0,1.0,5,1,0.0,2,4,B
923,1,33,1,2.0,0,1,0.0,0,4,A
924,0,38,0,1.0,0,1,8.0,2,4,B
925,1,23,0,5.0,5,0,0.0,2,2,D
926,0,41,0,1.0,5,1,2.552586938083121,2,4,B
927,0,41,0,1.0,6,1,2.552586938083121,2,2,B
928,0,39,0,1.0,1,1,4.0,2,4,B
929,0,49,1,2.0,3,0,9.0,1,4,A
930,0,33,1,2.0,6,1,2.552586938083121,0,4,A
931,1,79,1,1.0,7,0,0.0,2,4,C
932,1,38,1,4.0,0,1,6.0,0,4,A
933,1,21,0,4.0,5,0,1.0,2,4,D
934,0,68,1,2.0,1,1,0.0,0,4,A
935,1,31,0,3.0,0,1,0.0,2,4,B
936,1,46,1,3.0,0,0,1.0,2,6,B
937,1,35,1,2.0,0,1,9.0,0,4,A
938,0,42,0,3.0,0,1,8.0,2,0,B
939,1,87,1,1.0,7,0,0.0,2,4,C
940,0,38,0,1.0,0,1,8.0,2,4,B
941,0,88,1,1.0,7,0,2.0,1,4,C
942,0,42,0,1.0,0,1,9.0,2,4,B
943,0,26,1,2.0,0,1,4.0,0,6,A
944,1,35,1,3.0,4,1,0.0,1,4,A
945,0,41,1,2.0,2,0,3.0,1,4,A
946,1,37,1,2.0,1,1,1.0,0,5,A
947,0,41,1,4.0,2,1,8.0,0,2,A
948,1,35,0,5.0,0,1,6.0,2,0,D
949,0,33,0,9.0,8,1,0.0,2,3,D
950,0,61,1,4.0,2,1,2.0,0,0,A
951,0,19,0,3.0,1,0,1.0,2,5,D
952,0,50,0,1.0,0,1,4.0,2,4,B
953,0,48,1,4.0,2,0,0.0,0,2,A
954,1,57,1,3.0,8,0,1.0,0,2,C
955,0,72,1,3.0,2,0,1.0,0,2,A
956,0,39,0,2.8253778838504378,2,0,4.0,2,6,D
957,0,49,1,3.0,1,1,0.0,2,2,B
958,0,41,0,4.0,3,1,0.0,2,2,D
959,1,65,1,7.0,4,0,2.0,1,2,A
960,0,22,0,3.0,8,0,0.0,2,2,D
961,0,23,0,4.0,5,0,0.0,2,2,D
962,0,41,1,1.0,0,0,0.0,2,2,B
963,0,42,1,3.0,2,1,0.0,2,2,B
964,1,18,0,3.0,5,0,0.0,2,2,D
965,1,49,1,2.0,1,0,1.0,2,2,B
966,0,40,1,2.0,1,0,0.0,2,2,B
967,1,50,1,5.0,4,0,1.0,0,2,A
968,0,19,0,3.0,5,0,6.0,2,2,D
969,1,22,0,6.0,5,0,0.0,2,2,D
970,1,23,0,8.0,0,0,1.0,2,2,D
971,1,27,0,6.0,0,1,4.0,2,2,D
972,1,55,1,8.0,4,0,0.0,1,2,D
973,1,32,1,6.0,0,0,1.0,0,2,A
974,1,57,1,2.0,3,0,2.552586938083121,2,6,C
975,1,80,1,2.0,7,0,0.0,1,4,C
976,1,43,1,4.0,4,0,0.0,2,4,D
977,0,79,1,2.0,7,0,1.0,1,4,C
978,1,25,0,3.0,3,0,1.0,2,4,D
979,0,58,1,4.0,6,1,0.0,0,4,A
980,0,78,1,2.0,7,1,2.552586938083121,1,4,C
981,1,76,1,2.0,7,1,1.0,2,4,C
982,1,27,0,3.0,5,0,1.0,2,4,D
983,1,47,1,3.0,0,1,1.0,0,4,A
984,1,43,1,2.0,0,1,1.0,0,4,A
985,1,31,0,4.0,5,1,1.0,2,4,D
986,1,27,0,7.0,5,0,0.0,2,4,D
987,1,31,0,4.0,5,1,0.0,2,4,D
988,1,46,1,2.0,0,1,1.0,2,4,B
989,1,48,1,4.0,4,1,1.0,0,4,A
990,1,51,1,2.0,1,1,2.552586938083121,2,4,B
991,1,57,1,2.0,1,0,0.0,0,4,A
992,0,30,0,1.0,1,1,0.0,2,4,B
993,0,37,0,3.0,8,1,2.552586938083121,2,4,D
994,0,31,0,2.0,0,1,14.0,2,4,B
995,1,49,1,3.0,0,1,1.0,0,4,A
996,1,56,1,4.0,0,1,1.0,2,2,A
997,1,83,1,2.0,7,0,8.0,1,4,C
998,1,32,0,1.0,5,1,2.552586938083121,2,4,B
999,1,63,1,4.0,0,1,5.0,0,4,A
1000,0,71,1,2.0,1,1,1.0,0,4,A
1001,1,50,1,4.0,0,0,0.0,2,4,A
1002,1,31,0,5.0,0,1,4.0,2,4,B
1003,1,60,1,6.0,3,0,0.0,0,4,A
1004,0,71,1,2.0,7,1,8.0,1,4,C
1005,1,49,1,6.0,1,1,0.0,0,2,A
1006,1,74,1,1.0,7,1,9.0,2,4,C
1007,1,51,1,6.0,0,1,1.0,0,4,A
1008,1,61,1,2.8253778838504378,3,0,0.0,2,4,C
1009,1,46,0,3.0,2,1,0.0,2,4,B
1010,1,39,1,2.0,1,0,2.0,0,4,A
1011,1,85,1,2.0,7,1,1.0,1,4,C
1012,0,31,1,2.0,0,1,1.0,0,4,A
1013,1,39,1,3.0,4,1,4.0,1,4,A
1014,0,48,1,2.0,1,0,1.0,1,4,A
1015,1,71,1,2.0,7,1,0.0,1,4,C
1016,0,31,0,1.0,5,1,2.552586938083121,2,3,B
1017,0,32,0,5.0,5,1,0.0,2,4,D
1018,0,55,1,1.0,2,0,0.0,2,4,C
1019,1,46,1,2.0,0,1,0.0,1,4,A
1020,1,53,1,2.0,1,1,2.552586938083121,0,4,A
1021,1,50,1,4.0,0,1,0.0,0,4,A
1022,1,45,0,1.0,0,1,1.0,2,4,B
1023,1,33,1,2.0,4,0,1.0,0,2,A
1024,0,29,1,2.0,2,0,5.0,2,4,B
1025,1,35,0,1.0,0,1,8.0,2,4,B
1026,1,25,0,1.0,1,0,1.0,2,4,D
1027,1,26,0,3.0,5,1,0.0,2,4,D
1028,1,48,0,2.0,0,1,1.0,2,4,B
1029,1,66,1,3.0,7,0,0.0,1,4,C
1030,0,38,1,3.0,0,0,0.0,2,4,B
1031,1,65,1,3.0,3,1,2.0,0,4,A
1032,1,87,1,1.0,7,0,1.0,2,4,C
1033,1,20,0,3.0,5,0,1.0,2,4,D
1034,1,19,0,4.0,5,0,0.0,2,4,D
1035,1,22,0,4.0,5,0,9.0,2,4,D
1036,1,18,0,2.8253778838504378,5,0,0.0,2,4,D
1037,1,18,0,9.0,8,0,1.0,2,4,D
1038,1,19,0,2.8253778838504378,5,0,0.0,2,2,D
1039,1,19,0,3.0,5,0,1.0,2,0,D
1040,1,22,0,8.0,5,0,0.0,2,4,D
1041,1,31,0,4.0,5,0,4.0,2,4,D
1042,1,63,1,2.0,0,0,0.0,0,4,A
1043,1,43,0,1.0,0,1,1.0,2,4,B
1044,1,73,0,2.8253778838504378,2,0,0.0,2,2,D
1045,0,39,1,2.0,2,0,0.0,2,4,B
1046,1,31,0,5.0,5,1,1.0,2,4,D
1047,1,31,0,5.0,0,1,0.0,2,4,D
1048,1,43,1,4.0,0,0,0.0,0,0,A
1049,1,52,1,3.0,0,0,0.0,0,4,A
1050,0,63,1,3.0,1,1,0.0,0,4,A
1051,1,51,1,4.0,4,1,1.0,1,4,A
1052,1,35,1,7.0,5,1,1.0,2,2,D
1053,0,32,1,2.0,3,0,2.552586938083121,0,2,A
1054,0,39,1,4.0,6,1,9.0,1,4,A
1055,0,25,0,6.0,5,0,1.0,2,1,D
1056,1,20,0,5.0,5,0,0.0,2,2,D
1057,0,33,0,1.0,6,0,9.0,2,4,D
1058,1,36,1,5.0,4,0,0.0,0,2,A
1059,0,35,1,2.0,1,1,2.552586938083121,2,4,B
1060,0,42,1,2.0,0,1,1.0,0,4,A
1061,0,52,1,5.0,0,1,2.0,0,4,A
1062,0,42,1,2.0,2,1,1.0,2,4,B
1063,0,57,1,2.0,6,0,2.552586938083121,1,4,C
1064,0,30,0,3.0,3,1,1.0,2,4,B
1065,0,73,1,2.0,7,1,1.0,1,4,C
1066,1,66,1,2.0,2,1,3.0,1,4,A
1067,0,62,1,5.0,0,1,9.0,0,0,A
1068,0,36,1,1.0,0,1,4.0,2,6,B
1069,1,33,0,3.0,2,0,0.0,2,2,D
1070,1,28,0,8.0,5,0,0.0,2,2,D
1071,0,48,1,2.0,0,1,3.0,0,4,A
1072,0,53,1,2.0,0,1,1.0,0,4,A
1073,0,27,1,2.8253778838504378,1,0,1.0,2,6,B
1074,0,71,1,2.0,8,0,0.0,1,2,C
1075,1,35,1,2.0,0,1,9.0,0,2,A
1076,0,41,0,1.0,0,1,0.0,2,2,B
1077,0,39,1,4.0,3,0,0.0,2,2,D
1078,0,79,1,2.0,7,0,1.0,1,2,C
1079,0,29,0,8.0,2,0,9.0,2,2,D
1080,0,33,0,7.0,0,1,7.0,2,2,D
1081,0,31,0,2.8253778838504378,5,0,0.0,2,2,D
1082,1,25,1,3.0,2,0,4.0,0,2,A
1083,0,43,1,3.0,2,0,2.0,0,2,A
1084,0,52,1,1.0,1,0,4.0,2,2,B
1085,1,41,1,7.0,4,0,0.0,1,2,D
1086,0,27,1,6.0,1,0,2.552586938083121,1,2,D
1087,0,39,1,5.0,2,0,1.0,0,2,A
1088,1,32,0,7.0,1,0,3.0,2,2,D
1089,1,19,0,5.0,5,0,1.0,2,2,D
1090,1,58,1,2.8253778838504378,0,0,1.0,1,2,A
1091,1,30,0,3.0,0,1,1.0,2,2,B
1092,0,31,0,6.0,2,1,0.0,2,2,D
1093,0,43,1,4.0,2,0,2.552586938083121,0,2,A
1094,0,63,1,6.0,8,0,2.552586938083121,0,2,C
1095,0,37,1,3.0,2,1,2.552586938083121,0,2,A
1096,1,37,1,6.0,0,0,0.0,0,2,A
1097,0,31,1,2.0,6,1,9.0,0,4,A
1098,0,38,0,1.0,0,1,4.0,2,4,B
1099,0,41,1,6.0,3,1,2.552586938083121,1,4,A
1100,0,45,1,3.0,0,1,3.0,0,4,A
1101,1,35,1,4.0,1,1,2.552586938083121,0,4,A
1102,0,43,1,5.0,2,0,1.0,2,5,D
1103,0,33,0,3.0,5,0,2.552586938083121,2,2,D
1104,1,26,0,3.0,6,0,14.0,2,6,D
1105,0,39,1,2.0,0,0,2.552586938083121,0,4,A
1106,1,49,1,2.0,0,0,1.0,1,4,A
1107,1,47,1,2.0,0,0,0.0,0,4,A
1108,1,53,1,4.0,3,0,1.0,0,2,A
1109,1,52,1,5.0,4,1,5.0,1,4,A
1110,0,66,1,2.0,7,0,0.0,0,4,C
1111,1,26,0,2.0,3,0,6.0,2,2,D
1112,1,38,1,5.0,8,1,2.552586938083121,2,4,D
1113,0,25,0,4.0,6,0,2.552586938083121,2,4,D
1114,0,53,1,2.0,0,0,8.0,0,4,A
1115,0,87,1,2.0,7,0,0.0,1,4,C
1116,1,28,0,2.0,5,0,1.0,2,4,D
1117,0,37,1,3.0,0,1,7.0,1,4,A
1118,0,42,1,1.0,0,1,2.552586938083121,2,4,B
1119,0,25,1,2.0,0,0,1.0,0,5,A
1120,0,33,1,3.0,2,0,6.0,2,4,B
1121,0,33,0,3.0,5,1,2.552586938083121,2,0,D
1122,1,46,1,2.0,0,1,1.0,2,4,B
1123,1,33,0,4.0,5,0,2.0,2,6,D
1124,1,26,0,3.0,3,0,1.0,2,4,D
1125,1,32,0,4.0,1,0,6.0,2,4,D
1126,0,25,0,1.0,5,0,2.552586938083121,2,4,D
1127,0,18,0,2.8253778838504378,5,0,1.0,2,4,D
1128,0,22,0,4.0,2,0,0.0,2,4,D
1129,1,19,0,4.0,5,0,2.0,2,4,D
1130,1,46,1,4.0,0,1,0.0,1,4,A
1131,1,19,0,4.0,5,0,4.0,2,4,D
1132,1,45,1,3.0,0,1,0.0,0,4,A
1133,0,52,1,3.0,2,1,1.0,0,4,A
1134,0,42,1,5.0,2,1,2.552586938083121,0,6,A
1135,1,47,1,3.0,3,0,1.0,0,6,A
1136,1,45,1,4.0,6,0,2.552586938083121,0,4,A
1137,1,32,0,2.8253778838504378,5,0,2.552586938083121,2,1,D
1138,1,41,1,3.0,4,0,5.0,1,2,A
1139,0,28,0,1.0,6,1,2.552586938083121,2,4,B
1140,1,37,1,4.0,4,0,9.0,1,4,A
1141,0,20,1,2.0,2,0,8.0,0,1,A
1142,0,73,1,1.0,7,1,3.0,2,4,C
1143,1,51,1,3.0,0,1,0.0,0,4,A
1144,1,18,1,4.0,2,1,2.552586938083121,0,4,A
1145,1,42,1,3.0,2,0,1.0,0,2,A
1146,1,20,0,3.0,5,0,1.0,2,6,D
1147,0,23,0,3.0,1,0,0.0,2,6,D
1148,1,31,1,2.0,6,1,2.0,2,5,B
1149,0,33,1,3.0,6,1,1.0,2,1,B
1150,1,21,0,6.0,5,0,9.0,2,4,D
1151,1,51,1,7.0,1,1,5.0,0,4,A
1152,1,47,1,4.0,0,1,0.0,0,4,A
1153,1,20,0,4.0,5,0,0.0,2,4,D
1154,1,21,0,2.0,5,0,0.0,2,4,D
1155,1,22,0,3.0,5,0,1.0,2,4,D
1156,0,32,0,4.0,2,1,9.0,2,4,B
1157,0,30,0,1.0,5,1,8.0,2,4,B
1158,1,61,1,1.0,1,1,1.0,2,4,B
1159,1,43,1,4.0,3,0,0.0,0,2,A
1160,1,25,0,1.0,1,1,8.0,2,4,B
1161,1,46,1,3.0,3,0,0.0,0,4,A
1162,0,53,1,2.0,2,0,12.0,2,6,B
1163,1,55,1,2.0,1,1,0.0,1,4,A
1164,0,42,1,3.0,2,0,0.0,2,4,D
1165,0,26,0,1.0,8,1,11.0,2,4,B
1166,1,29,0,3.0,5,0,0.0,2,4,D
1167,1,39,1,4.0,0,1,4.0,0,6,A
1168,1,38,1,3.0,0,1,1.0,0,4,A
1169,1,69,1,2.0,3,1,2.552586938083121,0,4,A
1170,0,25,0,3.0,0,0,6.0,2,4,D
1171,0,26,0,4.0,0,1,4.0,2,4,B
1172,1,51,1,5.0,4,0,0.0,1,4,A
1173,1,30,1,2.0,6,0,8.0,0,4,A
1174,0,28,1,2.0,6,0,2.552586938083121,0,6,A
1175,0,33,0,2.0,6,0,8.0,2,4,D
1176,0,41,0,1.0,2,1,2.552586938083121,2,4,B
1177,1,71,0,2.0,7,0,2.552586938083121,2,4,C
1178,1,42,1,3.0,4,1,5.0,1,4,A
1179,1,71,1,1.0,7,1,2.0,2,4,C
1180,1,35,1,5.0,0,0,6.0,0,4,A
1181,1,28,0,5.0,8,0,0.0,2,4,D
1182,1,31,1,2.0,0,1,1.0,0,6,A
1183,1,43,1,3.0,0,1,2.0,0,4,A
1184,0,77,1,2.0,7,0,0.0,1,4,C
1185,0,71,1,1.0,2,1,0.0,2,4,C
1186,0,47,1,2.0,2,1,0.0,0,4,A
1187,0,26,0,1.0,6,0,9.0,2,4,D
1188,1,40,1,4.0,1,0,4.0,0,4,A
1189,0,72,1,2.0,7,1,0.0,1,4,C
1190,0,73,1,2.0,0,1,1.0,1,4,A
1191,1,26,0,6.0,5,1,1.0,2,6,D
1192,0,57,1,3.0,2,1,2.552586938083121,1,6,A
1193,1,30,1,3.0,0,0,2.552586938083121,0,4,A
1194,0,36,1,3.0,0,0,2.552586938083121,0,4,A
1195,1,52,1,4.0,3,0,10.0,0,4,A
1196,1,42,1,2.0,0,1,3.0,0,4,A
1197,1,52,1,1.0,2,0,2.552586938083121,2,4,C
1198,1,28,1,3.0,0,1,0.0,0,5,A
1199,0,43,1,1.0,6,0,7.0,2,4,C
1200,1,43,0,1.0,0,1,2.552586938083121,2,4,B
1201,1,25,0,4.0,1,0,0.0,2,4,D
1202,1,52,1,3.0,4,1,1.0,1,4,A
1203,0,28,0,1.0,6,1,9.0,2,4,B
1204,1,56,1,4.0,3,1,0.0,0,4,A
1205,1,38,1,7.0,4,0,12.0,1,4,D
1206,1,83,1,2.0,7,0,1.0,1,4,C
1207,1,82,1,2.0,7,1,2.552586938083121,1,4,C
1208,1,32,1,2.8253778838504378,6,1,8.0,2,4,B
1209,0,35,0,1.0,6,1,12.0,2,4,B
1210,1,40,1,2.0,8,1,0.0,2,4,C
1211,0,25,0,1.0,6,1,13.0,2,4,B
1212,0,39,1,3.0,0,1,2.552586938083121,0,4,A
1213,1,25,0,1.0,0,1,7.0,2,4,B
1214,1,52,1,4.0,0,1,0.0,2,4,A
1215,1,33,0,4.0,0,0,0.0,2,1,D
1216,1,28,0,3.0,0,1,6.0,2,4,B
1217,0,43,0,1.0,0,1,0.0,2,4,B
1218,1,30,0,2.8253778838504378,0,1,8.0,2,1,B
1219,0,84,1,2.0,7,1,1.0,1,4,C
1220,1,48,1,4.0,4,1,6.0,1,4,A
1221,0,55,1,2.0,2,0,3.0,0,4,A
1222,0,37,1,1.0,6,1,8.0,2,4,B
1223,1,38,1,3.0,2,1,11.0,0,4,A
1224,0,28,0,3.0,1,1,2.552586938083121,2,4,B
1225,1,86,1,1.0,7,1,2.552586938083121,2,4,C
1226,0,35,0,1.0,6,0,9.0,2,4,D
1227,1,35,0,2.0,3,0,0.0,2,4,D
1228,0,46,1,1.0,7,0,0.0,2,4,C
1229,0,79,1,1.0,7,1,0.0,2,4,C
1230,1,63,1,2.0,7,1,5.0,1,4,C
1231,0,50,1,3.0,1,1,2.552586938083121,1,4,A
1232,0,35,0,1.0,3,1,0.0,2,4,B
1233,1,65,1,1.0,1,0,2.552586938083121,2,4,C
1234,1,50,1,4.0,0,0,0.0,0,4,A
1235,0,27,0,2.8253778838504378,6,0,2.552586938083121,2,6,D
1236,1,45,1,3.0,4,1,0.0,1,4,A
1237,0,36,0,4.0,6,1,0.0,2,4,D
1238,1,43,1,2.0,3,0,11.0,0,4,A
1239,1,62,1,5.0,8,1,1.0,1,4,C
1240,1,57,1,2.0,0,1,2.0,0,4,A
1241,1,51,0,1.0,8,0,9.0,2,4,D
1242,1,59,1,1.0,0,1,0.0,2,6,B
1243,0,27,1,4.0,0,0,0.0,2,4,D
1244,0,83,1,2.0,7,0,2.552586938083121,1,4,C
1245,1,50,1,3.0,3,1,6.0,2,4,B
1246,1,75,1,3.0,4,1,1.0,1,4,C
1247,1,28,0,2.0,4,0,2.0,2,6,D
1248,1,39,1,2.0,0,1,9.0,0,4,A
1249,0,69,1,2.0,1,1,0.0,0,4,A
1250,0,41,0,1.0,0,1,1.0,2,2,B
1251,0,28,1,5.0,5,1,0.0,2,6,D
1252,0,39,1,3.0,3,0,1.0,1,6,A
1253,1,47,0,1.0,0,1,0.0,2,6,B
1254,0,62,1,1.0,2,1,1.0,2,6,B
1255,0,41,1,4.0,2,0,0.0,2,6,D
1256,1,49,1,3.0,1,1,5.0,0,1,A
1257,0,52,1,2.0,0,1,8.0,2,4,B
1258,0,48,1,2.8253778838504378,3,0,2.0,0,2,A
1259,0,26,0,2.0,5,1,7.0,2,6,B
1260,0,72,1,1.0,2,1,1.0,2,4,C
1261,0,47,1,3.0,0,1,0.0,2,2,B
1262,0,19,0,2.0,5,0,1.0,2,2,D
1263,0,21,0,3.0,5,0,1.0,2,3,D
1264,1,39,0,1.0,3,0,1.0,2,4,D
1265,0,52,0,1.0,0,1,0.0,2,4,B
1266,1,37,1,3.0,3,0,8.0,0,4,A
1267,1,51,1,2.0,3,0,0.0,2,4,C
1268,1,48,1,3.0,2,0,1.0,0,4,A
1269,1,22,0,3.0,5,0,2.552586938083121,2,4,D
1270,1,47,1,4.0,4,1,1.0,1,4,A
1271,0,45,1,3.0,2,0,0.0,0,4,A
1272,0,29,0,2.0,2,0,5.0,2,4,D
1273,0,47,1,1.0,1,0,1.0,2,4,B
1274,1,41,1,2.0,3,1,8.0,0,4,A
1275,0,32,1,4.0,6,0,9.0,0,0,A
1276,1,31,1,3.0,8,0,2.0,2,4,D
1277,1,20,0,3.0,8,0,1.0,2,4,D
1278,0,46,1,3.0,0,1,0.0,0,4,A
1279,1,70,1,1.0,7,1,3.0,2,4,C
1280,1,65,1,3.0,0,1,1.0,0,4,A
1281,0,68,1,2.0,0,1,1.0,0,4,A
1282,1,29,1,1.0,6,0,9.0,2,2,D
1283,1,41,1,2.0,3,1,3.0,0,6,A
1284,1,50,1,5.0,4,0,0.0,2,4,D
1285,1,38,1,2.0,3,1,9.0,0,6,A
1286,1,37,1,2.0,4,0,2.552586938083121,0,6,A
1287,0,30,1,2.0,2,0,6.0,2,6,B
1288,0,63,1,1.0,2,1,1.0,2,6,B
1289,1,42,1,2.0,0,1,6.0,0,6,A
1290,1,41,1,3.0,4,0,0.0,1,4,A
1291,0,60,1,4.0,2,1,2.552586938083121,1,4,A
1292,1,46,1,2.0,2,1,1.0,2,6,B
1293,0,83,1,2.0,7,0,0.0,1,4,C
1294,1,27,1,2.0,5,1,3.0,2,4,B
1295,0,22,0,4.0,5,0,1.0,2,0,D
1296,1,20,0,4.0,5,0,0.0,2,4,D
1297,0,40,1,2.0,2,1,0.0,2,4,B
1298,0,28,0,6.0,1,1,0.0,2,2,D
1299,1,28,0,1.0,1,1,2.552586938083121,2,2,B
1300,1,28,1,2.0,3,0,0.0,2,6,D
1301,0,20,0,4.0,5,0,0.0,2,6,D
1302,0,53,1,6.0,2,0,0.0,0,6,A
1303,0,35,1,2.0,1,1,0.0,2,4,B
1304,0,21,0,4.0,5,1,3.0,2,1,D
1305,1,30,0,4.0,5,1,6.0,2,0,D
1306,0,46,1,1.0,0,1,2.0,2,4,B
1307,0,36,0,4.0,2,1,3.0,2,0,D
1308,0,38,1,3.0,0,1,4.0,1,0,A
1309,0,26,1,2.0,8,0,1.0,0,4,A
1310,0,45,1,1.0,1,1,1.0,2,2,B
1311,0,46,1,2.0,4,1,5.0,1,4,A
1312,1,25,0,1.0,1,1,0.0,2,6,B
1313,1,27,0,7.0,8,0,0.0,2,4,D
1314,0,42,1,1.0,1,1,6.0,2,6,B
1315,1,20,1,2.0,8,0,3.0,2,6,D
1316,1,55,1,1.0,1,1,6.0,2,6,B
1317,1,25,0,1.0,8,0,2.552586938083121,2,4,D
1318,1,27,1,2.0,1,0,2.552586938083121,1,6,A
1319,1,31,0,4.0,8,0,0.0,2,6,D
1320,0,38,1,5.0,3,0,6.0,0,0,A
1321,1,43,1,2.0,3,1,2.552586938083121,0,4,A
1322,0,59,1,3.0,0,1,2.0,1,4,A
1323,1,61,1,3.0,4,0,1.0,0,4,A
1324,0,27,1,2.0,2,1,1.0,2,4,B
1325,1,26,1,5.0,4,0,1.0,1,4,D
1326,1,39,1,4.0,0,1,2.552586938083121,0,2,A
1327,1,51,1,3.0,0,1,0.0,0,4,A
1328,1,47,1,3.0,3,0,0.0,0,4,A
1329,1,52,1,4.0,0,1,1.0,0,4,A
1330,1,59,1,2.0,7,1,2.552586938083121,1,4,C
1331,1,57,1,2.0,2,0,1.0,0,4,A
1332,0,86,1,2.0,7,1,1.0,1,4,C
1333,1,49,1,2.0,0,1,2.552586938083121,0,4,A
1334,1,30,0,4.0,1,0,2.552586938083121,2,2,D
1335,0,43,1,4.0,2,0,0.0,0,4,A
1336,1,19,0,5.0,5,0,2.552586938083121,2,0,D
1337,1,20,0,4.0,5,0,2.552586938083121,2,4,D
1338,1,19,0,3.0,5,0,2.552586938083121,2,4,D
1339,0,43,1,1.0,1,1,0.0,2,4,B
1340,1,31,0,4.0,5,0,0.0,2,2,D
1341,1,30,1,2.0,4,0,1.0,1,4,A
1342,1,27,1,3.0,1,1,8.0,0,4,A
1343,1,36,1,4.0,4,1,2.552586938083121,1,4,A
1344,1,47,1,2.0,4,1,0.0,2,4,C
1345,1,35,1,4.0,4,1,1.0,1,4,A
1346,1,25,1,2.0,3,1,0.0,2,3,B
1347,0,25,1,3.0,0,0,0.0,2,4,D
1348,1,38,0,1.0,0,0,1.0,2,6,B
1349,0,32,0,3.0,2,0,0.0,2,4,D
1350,1,48,1,6.0,4,0,1.0,1,4,A
1351,0,38,0,1.0,0,0,10.0,2,4,B
1352,1,70,1,2.0,4,0,2.552586938083121,1,4,C
1353,1,42,0,1.0,8,1,2.552586938083121,2,4,B
1354,0,85,1,2.0,0,1,1.0,1,0,A
1355,0,25,0,3.0,5,1,1.0,2,4,B
1356,0,31,0,2.0,1,1,1.0,2,2,B
1357,0,20,0,4.0,5,0,3.0,2,2,D
1358,0,37,1,2.0,0,1,0.0,0,2,A
1359,1,33,0,2.0,0,1,8.0,2,4,B
1360,0,52,0,1.0,0,0,5.0,2,4,B
1361,1,26,0,3.0,1,1,0.0,2,4,B
1362,0,21,0,5.0,5,0,9.0,2,2,D
1363,0,42,0,1.0,2,1,0.0,2,4,B
1364,0,35,1,4.0,6,1,2.552586938083121,0,0,A
1365,1,39,1,4.0,0,1,0.0,0,4,A
1366,0,41,1,2.0,1,1,1.0,0,4,A
1367,0,18,0,5.0,5,0,1.0,2,4,D
1368,1,22,0,1.0,5,0,0.0,2,4,D
1369,0,25,1,2.0,2,0,2.0,2,4,B
1370,0,20,0,5.0,5,0,4.0,2,4,D
1371,0,18,0,4.0,3,0,0.0,2,0,D
1372,0,20,0,5.0,5,0,1.0,2,1,D
1373,1,21,0,4.0,8,0,0.0,2,0,D
1374,0,25,0,4.0,5,0,1.0,2,6,D
1375,0,60,1,2.0,0,1,2.552586938083121,0,4,A
1376,0,46,1,5.0,2,0,0.0,0,6,A
1377,1,68,1,2.0,4,0,1.0,1,4,C
1378,1,21,0,4.0,5,0,1.0,2,0,D
1379,1,27,0,3.0,1,1,0.0,2,4,B
1380,1,59,1,4.0,4,1,1.0,1,4,A
1381,0,26,0,1.0,0,1,8.0,2,4,B
1382,1,26,1,2.0,0,1,0.0,0,4,A
1383,0,32,1,2.0,1,0,1.0,0,3,A
1384,1,33,0,6.0,5,0,0.0,2,4,D
1385,1,28,0,3.0,5,1,0.0,2,4,D
1386,0,30,0,3.0,5,1,0.0,2,3,D
1387,0,32,0,1.0,0,1,2.552586938083121,2,4,B
1388,0,41,0,3.0,2,0,3.0,2,6,D
1389,1,42,1,2.0,0,1,13.0,2,4,B
1390,0,45,1,4.0,1,1,1.0,0,4,A
1391,0,39,0,2.0,0,1,1.0,2,4,B
1392,0,29,0,1.0,2,0,0.0,2,4,D
1393,1,46,1,3.0,3,1,1.0,0,4,A
1394,0,26,1,4.0,8,1,5.0,1,0,D
1395,0,26,0,4.0,5,1,2.552586938083121,2,4,D
1396,0,41,1,2.8253778838504378,1,1,1.0,2,4,B
1397,0,38,1,3.0,8,1,9.0,2,4,B
1398,1,69,1,4.0,4,0,1.0,1,4,C
1399,1,46,0,2.0,0,1,0.0,2,4,B
1400,0,40,0,1.0,0,0,0.0,2,1,B
1401,1,25,0,3.0,2,0,9.0,2,2,D
1402,1,59,1,2.0,0,0,1.0,0,2,A
1403,1,26,0,4.0,1,0,1.0,2,4,D
1404,0,33,0,4.0,0,1,0.0,2,4,B
1405,1,56,1,2.0,4,1,8.0,1,4,A
1406,1,30,0,5.0,5,0,0.0,2,2,D
1407,0,26,0,3.0,5,0,0.0,2,4,D
1408,0,28,0,5.0,1,0,0.0,2,6,D
1409,0,28,1,6.0,1,0,0.0,0,4,A
1410,1,20,0,4.0,5,0,1.0,2,4,D
1411,1,41,1,3.0,4,0,1.0,0,4,A
1412,1,37,1,3.0,0,1,0.0,1,4,A
1413,1,59,1,3.0,0,1,1.0,0,6,A
1414,0,43,1,2.0,0,1,0.0,0,4,A
1415,1,20,0,3.0,5,0,1.0,2,4,D
1416,0,30,0,5.0,5,1,1.0,2,0,D
1417,1,66,1,2.0,4,0,0.0,0,4,C
1418,1,28,1,3.0,0,1,1.0,0,4,A
1419,1,49,1,3.0,3,1,0.0,0,4,A
1420,0,61,1,3.0,0,1,0.0,0,4,A
1421,1,27,1,2.0,0,1,9.0,0,4,A
1422,0,35,1,1.0,2,0,1.0,2,2,B
1423,1,33,1,2.0,5,1,0.0,0,4,A
1424,0,36,1,2.0,0,1,2.0,0,4,A
1425,0,27,0,1.0,0,1,9.0,2,4,B
1426,0,29,0,2.8253778838504378,5,0,2.552586938083121,2,4,D
1427,0,31,0,5.0,2,0,1.0,2,2,D
1428,0,30,0,4.0,5,0,0.0,2,2,D
1429,0,43,1,2.0,0,1,2.552586938083121,0,4,A
1430,1,47,1,4.0,4,0,1.0,2,2,D
1431,0,42,0,1.0,2,0,2.552586938083121,2,4,B
1432,0,33,0,5.0,5,1,2.552586938083121,2,0,D
1433,0,36,0,4.0,0,1,1.0,2,0,B
1434,0,30,0,3.0,2,1,1.0,2,4,B
1435,1,60,1,1.0,0,1,9.0,2,4,B
1436,0,32,0,3.0,5,1,0.0,2,2,D
1437,0,32,1,2.0,0,1,0.0,0,2,A
1438,0,28,0,3.0,5,0,7.0,2,1,D
1439,1,46,1,4.0,5,1,2.0,1,3,A
1440,0,38,1,1.0,0,1,4.0,2,4,B
1441,1,28,1,2.8253778838504378,0,1,8.0,2,4,B
1442,1,30,1,2.0,3,1,7.0,2,4,B
1443,0,52,1,3.0,0,1,0.0,0,4,A
1444,0,46,1,4.0,2,1,1.0,0,4,A
1445,1,37,1,2.0,2,0,0.0,0,5,A
1446,0,25,0,3.0,2,1,2.0,2,4,B
1447,0,43,1,4.0,2,1,1.0,0,4,A
1448,1,32,0,4.0,8,0,0.0,2,4,D
1449,0,50,1,4.0,2,1,1.0,1,4,A
1450,1,43,1,3.0,0,0,3.0,0,4,A
1451,1,37,1,2.0,0,1,0.0,0,2,A
1452,1,61,1,4.0,5,0,0.0,1,3,C
1453,1,39,1,2.0,0,1,5.0,0,4,A
1454,1,46,1,5.0,0,1,1.0,0,4,A
1455,1,37,1,4.0,3,0,0.0,0,2,A
1456,0,36,1,3.0,2,0,0.0,2,0,D
1457,0,28,0,1.0,0,0,0.0,2,4,B
1458,1,86,1,1.0,7,1,0.0,2,4,C
1459,1,42,0,1.0,0,1,8.0,2,4,B
1460,1,82,1,1.0,4,1,1.0,2,4,C
1461,0,18,0,8.0,5,0,1.0,2,2,D
1462,0,18,0,4.0,2,0,0.0,2,4,D
1463,0,36,0,1.0,0,1,1.0,2,1,B
1464,0,26,0,6.0,2,0,1.0,2,4,D
1465,1,49,1,2.0,3,1,1.0,0,4,A
1466,0,69,1,3.0,0,1,1.0,0,4,A
1467,0,29,0,6.0,0,0,1.0,2,2,D
1468,1,68,0,2.0,3,1,1.0,2,4,B
1469,1,33,0,3.0,5,0,4.0,2,2,D
1470,1,38,1,5.0,4,0,3.0,1,4,D
1471,1,52,1,3.0,3,0,1.0,0,4,A
1472,1,28,1,2.0,0,1,1.0,2,4,B
1473,0,27,0,5.0,5,0,1.0,2,0,D
1474,0,28,0,4.0,2,0,0.0,2,2,D
1475,0,25,1,3.0,2,0,7.0,1,4,A
1476,0,30,0,1.0,0,1,8.0,2,4,B
1477,1,40,1,3.0,0,1,1.0,0,0,A
1478,0,25,0,9.0,0,1,0.0,2,4,D
1479,0,30,0,1.0,0,1,5.0,2,4,B
1480,0,43,1,2.0,2,0,0.0,0,2,A
1481,0,26,0,4.0,0,1,1.0,2,4,B
1482,0,37,1,3.0,3,0,0.0,0,4,A
1483,0,28,0,5.0,5,0,1.0,2,3,D
1484,0,31,1,5.0,8,0,1.0,2,2,D
1485,1,46,1,3.0,0,1,1.0,2,4,B
1486,0,47,1,4.0,0,1,5.0,0,4,A
1487,1,28,0,4.0,5,0,1.0,2,4,D
1488,1,30,0,1.0,5,0,0.0,2,4,D
1489,0,29,1,1.0,3,1,1.0,1,5,B
1490,1,23,0,5.0,0,0,2.0,2,4,D
1491,0,22,0,5.0,5,0,1.0,2,4,D
1492,1,20,0,5.0,5,0,1.0,2,3,D
1493,1,22,0,4.0,3,0,1.0,2,4,D
1494,0,19,0,4.0,5,0,0.0,2,4,D
1495,1,21,0,3.0,5,0,1.0,2,4,D
1496,0,19,0,4.0,5,0,0.0,2,4,D
1497,1,39,0,2.0,0,1,1.0,2,4,B
1498,0,38,1,2.0,0,1,8.0,2,4,B
1499,1,33,0,1.0,5,1,3.0,2,4,B
1500,0,38,0,1.0,6,1,4.0,2,4,B
1501,0,29,0,3.0,5,1,0.0,2,4,B
1502,0,35,1,1.0,3,0,4.0,2,4,B
1503,1,32,1,2.0,0,1,9.0,0,4,A
1504,1,59,1,1.0,0,1,0.0,2,4,B
1505,0,32,0,1.0,1,1,0.0,2,4,B
1506,0,29,0,3.0,5,1,8.0,2,2,B
1507,0,31,0,4.0,3,1,0.0,2,0,D
1508,1,59,1,4.0,4,0,0.0,1,4,C
1509,1,87,1,2.0,7,1,0.0,1,4,C
1510,1,53,1,2.0,4,1,0.0,2,4,C
1511,1,83,1,2.0,7,0,0.0,1,4,C
1512,1,33,0,5.0,5,0,1.0,2,2,D
1513,0,26,0,4.0,2,0,2.552586938083121,2,4,D
1514,0,39,1,5.0,0,1,7.0,1,4,A
1515,0,27,0,5.0,5,0,1.0,2,2,D
1516,0,42,1,2.0,0,1,5.0,0,2,A
1517,1,46,1,2.0,0,1,4.0,0,4,A
1518,1,63,1,2.0,1,1,0.0,1,4,A
1519,1,32,0,2.0,1,1,1.0,2,4,B
1520,0,38,0,3.0,2,1,0.0,2,4,B
1521,1,38,0,2.0,3,1,1.0,2,4,B
1522,0,63,1,1.0,2,1,1.0,2,4,B
1523,0,45,0,1.0,0,1,1.0,2,4,B
1524,0,33,0,5.0,5,1,1.0,2,0,D
1525,1,27,0,2.0,3,0,0.0,2,4,D
1526,0,87,1,2.0,0,0,7.0,1,3,C
1527,0,25,0,1.0,5,0,14.0,2,4,B
1528,1,61,1,4.0,0,1,0.0,0,4,A
1529,1,41,1,4.0,0,1,1.0,1,4,A
1530,1,86,1,2.0,7,1,2.552586938083121,1,4,C
1531,1,51,1,3.0,4,1,4.0,1,4,A
1532,1,83,1,2.0,7,0,0.0,1,4,C
1533,1,60,1,3.0,0,1,3.0,1,4,A
1534,1,65,1,3.0,0,1,6.0,0,4,A
1535,0,32,0,2.8253778838504378,5,0,1.0,2,4,D
1536,0,41,1,1.0,0,1,1.0,2,4,B
1537,0,56,1,3.0,0,1,0.0,0,4,A
1538,0,74,1,2.0,7,0,1.0,1,4,C
1539,1,39,1,2.0,0,1,4.0,0,0,A
1540,0,42,0,2.0,0,0,2.0,2,4,B
1541,1,68,1,2.0,0,1,5.0,1,4,A
1542,1,30,0,1.0,0,1,1.0,2,4,B
1543,0,32,0,3.0,5,0,1.0,2,4,D
1544,1,43,1,1.0,0,1,13.0,2,4,B
1545,0,40,1,2.0,0,1,3.0,1,1,A
1546,0,87,1,2.0,3,0,0.0,1,4,C
1547,1,43,1,2.0,3,0,1.0,2,4,C
1548,1,48,1,3.0,1,1,1.0,0,0,A
1549,0,58,1,2.0,8,1,0.0,0,4,C
1550,1,52,1,3.0,0,1,2.552586938083121,1,4,A
1551,0,30,0,3.0,5,0,14.0,2,4,D
1552,0,53,1,2.0,0,1,2.0,2,4,B
1553,0,56,1,3.0,0,1,3.0,0,4,A
1554,1,48,1,4.0,0,1,1.0,0,4,A
1555,1,28,1,5.0,1,0,1.0,2,4,D
1556,0,61,1,2.0,0,1,0.0,0,4,A
1557,1,62,1,3.0,3,1,1.0,0,4,A
1558,0,49,1,5.0,0,1,1.0,0,2,A
1559,1,40,1,2.0,3,1,0.0,1,4,A
1560,1,62,1,2.0,3,1,1.0,2,4,C
1561,1,35,0,2.8253778838504378,3,1,1.0,2,5,B
1562,0,48,0,1.0,0,1,4.0,2,4,B
1563,0,36,1,3.0,0,1,1.0,0,0,A
1564,0,56,1,5.0,0,1,1.0,0,4,A
1565,0,66,1,2.0,8,0,0.0,1,5,C
1566,1,40,0,2.0,0,1,6.0,2,4,B
1567,0,57,1,2.0,0,1,0.0,0,4,A
1568,1,42,1,3.0,0,1,2.552586938083121,0,0,A
1569,1,35,1,3.0,8,0,1.0,2,4,D
1570,1,58,1,2.0,0,1,0.0,0,4,A
1571,1,29,0,5.0,0,0,8.0,2,1,D
1572,1,26,0,1.0,1,0,0.0,2,4,D
1573,0,84,1,2.0,7,1,1.0,1,4,C
1574,1,86,1,1.0,4,1,0.0,2,4,C
1575,1,77,1,2.0,7,0,1.0,1,4,C
1576,0,37,0,3.0,0,1,0.0,2,4,B
1577,1,74,1,2.0,4,0,0.0,1,4,C
1578,1,27,0,2.0,0,0,1.0,2,4,D
1579,0,56,1,1.0,0,1,0.0,2,4,B
1580,0,27,0,1.0,5,1,0.0,2,4,B
1581,1,39,1,2.0,0,1,7.0,0,4,A
1582,1,35,1,2.0,3,1,3.0,0,4,A
1583,1,66,1,2.0,3,1,1.0,0,4,A
1584,0,47,0,2.0,0,1,0.0,2,4,B
1585,0,36,1,2.0,0,1,8.0,0,4,A
1586,1,43,1,2.0,0,1,4.0,0,4,A
1587,0,55,1,4.0,0,1,0.0,0,4,A
1588,1,41,1,3.0,1,1,0.0,0,4,A
1589,0,26,0,5.0,0,1,9.0,2,4,B
1590,1,72,1,2.0,0,1,0.0,1,0,A
1591,1,59,1,2.0,0,1,0.0,0,4,A
1592,1,38,1,3.0,3,1,1.0,0,4,A
1593,1,72,1,2.0,7,0,1.0,2,4,C
1594,1,31,0,4.0,5,1,1.0,2,4,D
1595,1,41,0,1.0,0,1,9.0,2,4,B
1596,1,25,0,2.0,2,0,9.0,2,6,D
1597,1,29,0,2.8253778838504378,0,1,2.552586938083121,2,0,B
1598,1,83,1,2.0,7,1,0.0,1,2,C
1599,0,51,1,4.0,2,1,0.0,0,4,A
1600,1,40,1,2.0,0,1,0.0,2,0,B
1601,0,76,1,2.0,0,1,0.0,0,4,A
1602,1,29,1,4.0,0,1,1.0,2,4,B
1603,1,46,1,3.0,0,1,1.0,2,4,B
1604,0,58,1,4.0,0,1,0.0,0,4,A
1605,0,46,0,1.0,0,1,1.0,2,4,B
1606,0,74,1,2.0,7,0,0.0,1,4,C
1607,1,53,1,3.0,4,1,1.0,1,4,A
1608,1,63,1,1.0,0,1,1.0,2,4,B
1609,0,49,1,3.0,0,1,1.0,0,4,A
1610,1,25,0,2.0,3,1,5.0,2,6,B
1611,1,46,0,3.0,2,0,1.0,2,2,D
1612,0,43,0,9.0,0,1,7.0,2,4,D
1613,0,58,1,4.0,0,1,1.0,0,6,A
1614,1,41,1,4.0,4,1,1.0,1,4,A
1615,0,28,0,3.0,5,0,1.0,2,4,D
1616,1,26,0,4.0,5,1,0.0,2,4,D
1617,1,29,0,2.0,5,1,9.0,2,2,B
1618,1,33,0,2.8253778838504378,5,1,0.0,2,1,D
1619,0,39,0,1.0,2,1,14.0,2,4,B
1620,1,51,1,4.0,3,1,0.0,0,4,A
1621,1,46,1,4.0,3,1,4.0,1,0,A
1622,1,38,1,6.0,4,0,2.552586938083121,1,4,D
1623,1,26,1,3.0,0,1,1.0,0,4,A
1624,0,42,1,4.0,2,1,1.0,0,2,A
1625,0,43,1,3.0,3,1,5.0,0,4,A
1626,1,53,1,4.0,4,1,1.0,2,4,C
1627,1,46,1,4.0,0,1,2.552586938083121,2,4,B
1628,0,40,1,3.0,0,1,1.0,0,2,A
1629,1,71,1,2.0,0,1,1.0,2,4,C
1630,1,32,1,4.0,8,1,13.0,1,2,A
1631,1,41,0,2.0,3,1,9.0,2,4,B
1632,0,46,0,2.0,3,1,8.0,2,4,B
1633,1,40,1,4.0,4,1,0.0,1,4,A
1634,1,29,0,5.0,1,0,1.0,2,4,D
1635,1,25,1,2.0,1,1,1.0,0,4,A
1636,0,52,1,1.0,8,1,0.0,2,4,C
1637,1,30,0,5.0,1,1,9.0,2,4,B
1638,0,25,1,2.0,5,1,12.0,1,4,B
1639,1,32,0,4.0,0,0,9.0,2,4,D
1640,0,33,0,4.0,1,0,2.552586938083121,2,4,D
1641,0,49,0,1.0,0,1,1.0,2,6,B
1642,0,43,0,4.0,1,1,1.0,2,0,B
1643,1,48,1,1.0,0,1,1.0,2,0,B
1644,1,41,0,2.0,0,0,5.0,2,4,B
1645,0,29,0,2.0,5,1,9.0,2,4,B
1646,0,35,0,2.0,0,1,0.0,2,6,B
1647,1,41,1,2.0,0,1,1.0,0,4,A
1648,0,47,1,4.0,0,1,1.0,0,0,A
1649,0,53,1,3.0,0,1,1.0,0,4,A
1650,1,40,1,1.0,0,1,5.0,2,4,B
1651,0,40,1,2.0,0,1,0.0,1,4,A
1652,1,46,1,1.0,0,1,0.0,2,4,B
1653,0,36,0,4.0,8,1,2.552586938083121,2,2,D
1654,0,71,1,6.0,7,1,2.0,2,5,C
1655,0,30,1,2.0,2,0,5.0,0,2,A
1656,0,40,1,4.0,2,0,1.0,0,2,A
1657,1,43,1,5.0,3,0,0.0,0,2,A
1658,1,40,1,3.0,3,1,3.0,0,2,A
1659,1,39,1,4.0,3,0,1.0,0,2,A
1660,1,49,1,7.0,4,0,1.0,1,0,D
1661,1,51,1,5.0,0,0,0.0,0,2,A
1662,0,39,1,9.0,1,0,1.0,0,2,A
1663,1,23,1,5.0,5,0,1.0,2,2,D
1664,1,53,1,6.0,2,0,0.0,0,2,A
1665,0,35,0,5.0,2,0,9.0,2,2,D
1666,1,35,0,4.0,4,0,2.0,2,2,D
1667,1,30,1,9.0,1,1,1.0,2,2,D
1668,1,39,1,2.8253778838504378,2,0,2.0,0,2,A
1669,1,38,0,3.0,0,1,1.0,2,2,B
1670,0,53,0,1.0,8,0,0.0,2,6,C
1671,0,36,0,1.0,2,1,8.0,2,2,B
1672,1,33,0,4.0,2,0,0.0,2,2,D
1673,0,40,0,1.0,2,1,1.0,2,2,B
1674,0,36,1,4.0,0,1,0.0,0,2,A
1675,1,31,0,5.0,1,0,1.0,2,2,D
1676,1,31,0,2.0,1,0,1.0,2,2,D
1677,1,41,1,4.0,5,1,0.0,0,2,A
1678,1,48,1,4.0,0,0,0.0,0,2,A
1679,0,38,1,3.0,0,1,5.0,0,5,A
1680,1,49,1,5.0,0,0,1.0,2,2,D
1681,1,42,1,2.8253778838504378,1,1,1.0,2,2,B
1682,1,28,1,9.0,4,1,14.0,1,2,A
1683,1,51,1,4.0,3,0,0.0,1,2,A
1684,1,41,1,2.0,0,0,1.0,0,2,A
1685,0,57,1,6.0,2,0,0.0,0,2,A
1686,1,67,1,1.0,0,1,0.0,2,2,B
1687,1,29,1,5.0,4,0,3.0,0,2,A
1688,0,46,1,1.0,8,1,2.552586938083121,2,2,C
1689,1,49,1,2.0,0,1,0.0,1,4,A
1690,0,28,0,3.0,2,0,6.0,2,2,D
1691,0,48,1,4.0,2,0,1.0,0,2,A
1692,0,51,1,4.0,2,0,5.0,0,2,A
1693,0,48,1,6.0,2,0,5.0,0,2,A
1694,0,48,1,5.0,2,0,5.0,0,2,A
1695,0,52,1,4.0,2,0,9.0,0,2,A
1696,0,39,1,4.0,2,0,8.0,0,2,A
1697,0,50,1,5.0,2,0,7.0,0,2,A
1698,0,33,0,9.0,2,0,1.0,2,2,D
1699,0,35,0,1.0,0,1,2.552586938083121,2,2,B
1700,1,30,1,5.0,8,0,2.0,1,2,D
1701,0,46,1,2.8253778838504378,2,0,8.0,0,2,A
1702,1,36,0,4.0,8,0,0.0,2,2,D
1703,1,43,0,1.0,3,0,0.0,2,2,D
1704,1,26,1,1.0,3,0,1.0,2,2,D
1705,1,33,1,2.0,4,0,0.0,2,2,D
1706,1,50,1,5.0,3,1,2.552586938083121,0,2,A
1707,0,49,1,5.0,2,1,1.0,1,2,A
1708,1,48,1,5.0,2,1,6.0,0,4,A
1709,1,31,0,1.0,0,1,5.0,2,2,B
1710,0,38,1,2.0,2,0,2.552586938083121,0,2,A
1711,0,21,0,1.0,5,0,5.0,2,2,D
1712,0,50,1,5.0,3,0,8.0,0,2,A
1713,1,23,0,6.0,5,0,9.0,2,2,D
1714,0,21,1,2.0,5,0,0.0,2,2,D
1715,1,71,1,2.8253778838504378,7,0,1.0,2,2,C
1716,1,20,0,6.0,5,0,0.0,2,2,D
1717,0,32,1,5.0,2,0,7.0,1,2,D
1718,1,29,1,3.0,2,0,0.0,0,2,A
1719,1,42,1,4.0,0,1,0.0,0,2,A
1720,1,20,0,6.0,1,0,0.0,2,2,D
1721,1,36,1,6.0,4,0,1.0,2,2,D
1722,0,42,1,6.0,2,0,0.0,1,2,A
1723,1,18,0,4.0,5,0,7.0,2,2,D
1724,1,25,0,2.0,6,0,2.552586938083121,2,2,D
1725,0,30,0,8.0,2,0,10.0,2,2,D
1726,0,28,0,9.0,6,0,9.0,2,2,D
1727,1,42,1,6.0,3,1,7.0,2,2,A
1728,1,38,1,4.0,0,1,1.0,2,2,B
1729,1,42,1,2.0,0,1,1.0,0,2,A
1730,0,52,1,5.0,2,0,2.552586938083121,0,2,A
1731,0,29,1,2.0,1,1,0.0,0,2,A
1732,1,40,1,2.0,0,1,1.0,2,2,B
1733,0,38,0,2.0,2,0,1.0,2,2,D
1734,1,37,1,4.0,2,1,1.0,0,2,A
1735,0,65,1,1.0,7,0,1.0,2,2,C
1736,1,81,1,2.0,4,0,2.552586938083121,1,2,C
1737,1,59,1,2.0,2,1,0.0,0,2,A
1738,0,47,1,5.0,0,1,1.0,0,2,A
1739,1,57,1,3.0,0,1,0.0,0,2,A
1740,1,39,1,4.0,4,1,2.552586938083121,1,2,A
1741,0,32,1,2.0,1,1,8.0,1,2,B
1742,1,37,1,1.0,0,1,9.0,2,2,B
1743,1,39,0,1.0,0,1,4.0,2,2,B
1744,1,39,1,5.0,1,0,1.0,0,2,A
1745,1,60,1,2.0,4,0,7.0,0,2,A
1746,0,70,1,2.0,0,1,1.0,0,2,A
1747,1,51,1,1.0,4,1,9.0,2,2,B
1748,1,48,1,3.0,0,0,1.0,2,2,A
1749,1,43,0,1.0,3,0,0.0,2,2,D
1750,0,29,1,2.0,2,0,1.0,2,2,D
1751,0,43,1,2.0,3,1,0.0,2,2,B
1752,1,25,0,1.0,1,0,5.0,2,2,D
1753,0,75,1,1.0,7,0,0.0,2,2,C
1754,0,22,0,5.0,5,0,0.0,2,2,D
1755,1,86,1,1.0,8,0,1.0,2,2,C
1756,0,50,1,2.0,3,1,1.0,2,2,B
1757,1,73,1,9.0,7,0,1.0,1,2,C
1758,1,87,0,2.0,7,1,1.0,2,2,C
1759,1,49,1,4.0,0,1,0.0,0,4,A
1760,1,46,1,5.0,4,1,1.0,1,4,A
1761,1,73,1,2.0,4,0,0.0,1,4,C
1762,0,87,1,2.0,7,1,1.0,1,4,C
1763,1,53,1,4.0,4,0,2.0,1,2,A
1764,1,84,1,2.0,7,1,1.0,1,4,C
1765,1,47,1,3.0,4,1,3.0,1,4,A
1766,1,59,1,4.0,4,0,1.0,1,4,C
1767,1,82,1,1.0,7,0,1.0,2,4,C
1768,0,71,1,2.0,7,1,0.0,1,4,C
1769,1,39,1,2.0,0,1,9.0,0,0,A
1770,0,25,0,2.0,1,0,0.0,2,4,D
1771,1,67,1,2.0,4,1,1.0,1,4,C
1772,0,83,1,2.0,7,1,13.0,1,4,C
1773,1,49,1,4.0,4,0,0.0,1,4,A
1774,0,87,1,2.0,7,0,0.0,1,4,C
1775,1,69,1,2.0,7,0,1.0,0,4,C
1776,1,40,1,2.0,3,1,9.0,0,4,A
1777,1,87,1,2.0,7,1,1.0,1,4,C
1778,1,68,1,3.0,5,1,0.0,0,4,A
1779,0,43,1,2.0,0,1,2.552586938083121,0,4,A
1780,1,67,1,5.0,0,1,0.0,1,4,A
1781,1,80,1,1.0,7,1,1.0,2,4,C
1782,1,65,1,1.0,7,1,1.0,2,6,C
1783,1,29,0,4.0,1,1,0.0,2,4,B
1784,1,60,1,3.0,3,1,2.552586938083121,0,4,A
1785,1,72,1,2.0,4,1,1.0,1,4,C
1786,1,57,1,1.0,1,1,0.0,2,4,B
1787,1,47,1,4.0,4,1,1.0,1,4,A
1788,1,39,1,2.0,3,0,1.0,0,4,A
1789,1,62,1,2.0,0,1,0.0,1,4,A
1790,0,81,1,1.0,7,1,1.0,2,4,C
1791,1,65,1,2.0,4,0,8.0,0,4,A
1792,1,47,0,2.0,7,0,2.552586938083121,2,4,D
1793,0,40,1,2.0,0,1,8.0,0,4,A
1794,0,86,1,2.0,7,0,0.0,1,4,C
1795,1,67,1,2.0,7,1,0.0,1,2,C
1796,0,45,1,5.0,0,1,0.0,0,4,A
1797,0,27,0,4.0,5,1,1.0,2,4,D
1798,0,32,0,1.0,0,1,7.0,2,6,B
1799,0,41,1,2.0,0,1,3.0,0,4,A
1800,0,27,1,2.0,5,1,6.0,0,4,A
1801,0,58,1,3.0,0,0,0.0,0,4,A
1802,0,61,1,5.0,3,1,1.0,0,4,A
1803,1,52,1,2.0,0,1,0.0,0,4,A
1804,1,25,0,1.0,1,1,8.0,2,4,B
1805,1,33,0,3.0,5,1,2.0,2,4,D
1806,1,31,0,2.8253778838504378,0,0,0.0,2,4,D
1807,1,37,0,1.0,3,1,1.0,2,4,B
1808,1,38,1,2.0,0,1,1.0,0,4,A
1809,1,81,1,1.0,7,1,0.0,2,4,C
1810,1,61,1,3.0,4,1,0.0,1,4,C
1811,1,20,0,3.0,5,0,0.0,2,4,D
1812,0,48,1,4.0,0,1,8.0,1,4,A
1813,0,43,1,2.0,0,1,8.0,0,4,A
1814,0,22,0,4.0,6,0,0.0,2,4,D
1815,0,63,1,4.0,0,1,1.0,0,4,A
1816,0,25,0,1.0,5,1,8.0,2,2,B
1817,0,73,0,1.0,7,1,1.0,2,4,C
1818,0,43,1,4.0,0,0,4.0,0,5,A
1819,0,39,1,4.0,1,0,1.0,0,2,A
1820,0,49,1,4.0,0,1,0.0,0,4,A
1821,0,83,1,2.0,7,1,1.0,1,4,C
1822,1,22,0,6.0,5,0,9.0,2,0,D
1823,0,31,0,2.0,0,1,2.0,2,2,B
1824,0,60,1,4.0,0,1,1.0,1,4,A
1825,1,42,1,4.0,3,1,1.0,0,6,A
1826,1,25,0,4.0,3,0,7.0,2,4,D
1827,1,29,0,3.0,5,1,3.0,2,4,D
1828,1,29,1,2.0,5,1,1.0,2,4,B
1829,1,39,1,2.0,3,1,2.0,0,4,A
1830,1,33,1,1.0,2,0,14.0,2,4,B
1831,1,35,1,4.0,4,1,9.0,1,4,A
1832,1,38,1,3.0,3,0,2.0,2,4,D
1833,1,59,1,2.0,0,1,1.0,1,4,A
1834,1,67,1,2.0,0,0,1.0,0,4,A
1835,1,45,1,1.0,0,1,1.0,2,4,B
1836,1,70,1,2.0,7,1,2.552586938083121,1,4,C
1837,1,19,0,4.0,5,0,5.0,2,6,D
1838,0,23,0,4.0,5,0,0.0,2,4,D
1839,1,22,0,4.0,5,0,1.0,2,3,D
1840,0,23,0,4.0,5,1,1.0,2,5,D
1841,1,80,1,1.0,4,0,0.0,2,4,C
1842,1,40,1,5.0,2,0,14.0,0,2,A
1843,1,36,0,1.0,0,1,0.0,2,2,B
1844,0,31,1,4.0,2,0,8.0,2,4,D
1845,0,20,1,2.0,2,0,1.0,2,2,D
1846,1,31,1,2.0,4,1,1.0,1,4,A
1847,1,50,1,5.0,4,1,0.0,1,4,A
1848,1,67,1,2.0,7,0,0.0,2,4,C
1849,0,43,1,1.0,1,1,9.0,0,4,A
1850,0,85,1,3.0,7,1,5.0,1,4,C
1851,0,65,1,3.0,0,1,1.0,0,0,A
1852,1,71,1,4.0,4,0,1.0,0,0,A
1853,0,20,0,6.0,5,0,1.0,2,2,D
1854,1,20,0,5.0,5,0,0.0,2,4,D
1855,1,87,1,1.0,0,1,2.552586938083121,2,4,C
1856,0,37,1,2.0,0,1,4.0,2,3,B
1857,1,59,1,2.0,3,0,1.0,0,3,A
1858,0,29,0,4.0,0,1,3.0,2,0,B
1859,1,85,1,2.0,4,1,0.0,1,4,C
1860,0,72,1,2.0,7,1,1.0,1,4,C
1861,0,42,0,2.8253778838504378,0,1,0.0,2,4,B
1862,0,45,1,2.0,0,1,9.0,0,4,A
1863,1,59,1,4.0,3,1,1.0,0,4,A
1864,1,19,0,5.0,1,0,0.0,2,0,D
1865,0,47,1,3.0,0,1,0.0,0,4,A
1866,0,73,1,2.0,0,1,0.0,1,4,A
1867,0,42,1,1.0,0,0,1.0,2,4,B
1868,0,37,0,5.0,1,1,7.0,2,0,B
1869,0,38,0,1.0,0,1,8.0,2,4,B
1870,0,41,0,1.0,0,1,1.0,2,4,B
1871,0,40,0,1.0,3,1,0.0,2,4,B
1872,0,30,1,4.0,3,1,0.0,2,4,B
1873,1,56,1,2.0,0,1,0.0,1,4,A
1874,0,65,1,2.0,7,1,1.0,1,4,C
1875,1,35,1,2.0,0,1,5.0,0,4,A
1876,0,37,1,5.0,2,0,0.0,0,2,A
1877,1,36,0,1.0,3,1,0.0,2,2,B
1878,0,26,1,4.0,6,1,1.0,1,0,A
1879,1,25,0,4.0,4,0,2.552586938083121,2,4,D
1880,1,30,0,4.0,5,0,0.0,2,1,D
1881,1,37,1,2.0,3,1,2.552586938083121,0,2,A
1882,1,30,0,3.0,0,0,0.0,2,4,D
1883,1,46,1,4.0,3,1,1.0,0,3,A
1884,0,38,0,1.0,2,1,1.0,2,2,B
1885,0,40,0,1.0,0,1,2.552586938083121,2,0,B
1886,0,31,0,1.0,0,1,5.0,2,4,B
1887,1,45,1,5.0,4,1,4.0,1,4,A
1888,1,55,1,5.0,2,0,1.0,2,4,D
1889,0,51,1,1.0,2,1,2.0,2,2,B
1890,0,29,0,7.0,6,1,5.0,2,4,D
1891,0,74,1,2.0,0,1,1.0,1,4,A
1892,1,69,1,3.0,3,0,1.0,0,4,A
1893,0,28,0,5.0,1,0,2.552586938083121,2,0,D
1894,1,41,1,2.8253778838504378,4,1,0.0,0,2,A
1895,1,29,1,3.0,5,0,1.0,2,4,D
1896,1,39,1,1.0,0,1,0.0,2,4,B
1897,0,74,1,3.0,3,0,2.552586938083121,1,4,C
1898,0,59,0,1.0,0,1,4.0,2,4,B
1899,1,27,0,3.0,5,0,1.0,2,0,D
1900,1,33,0,1.0,0,0,0.0,2,2,D
1901,1,31,0,2.0,3,0,9.0,2,0,D
1902,1,46,1,3.0,0,0,0.0,0,4,A
1903,0,63,1,2.0,0,1,0.0,2,4,B
1904,1,22,0,4.0,5,0,1.0,2,4,D
1905,0,53,0,5.0,2,1,1.0,2,4,B
1906,1,59,1,1.0,3,0,1.0,2,0,C
1907,1,84,1,2.0,7,1,2.552586938083121,2,0,C
1908,1,63,1,4.0,0,1,1.0,0,4,A
1909,1,35,1,1.0,0,1,8.0,2,4,B
1910,1,21,0,4.0,5,0,1.0,2,4,D
1911,1,67,1,2.0,7,0,0.0,1,4,C
1912,0,41,1,3.0,0,1,1.0,0,2,A
1913,0,27,0,8.0,0,1,0.0,2,0,D
1914,0,53,1,2.0,0,1,1.0,0,3,A
1915,0,33,0,8.0,5,1,4.0,2,1,D
1916,0,32,0,4.0,1,0,0.0,2,4,D
1917,1,59,1,2.0,0,0,5.0,1,4,A
1918,0,50,1,5.0,0,1,1.0,1,4,A
1919,0,50,1,4.0,0,1,1.0,0,3,A
1920,0,41,1,2.0,5,1,1.0,0,6,A
1921,0,71,1,1.0,7,1,1.0,2,4,C
1922,0,33,0,6.0,5,1,1.0,2,6,D
1923,0,46,1,2.0,0,1,2.552586938083121,0,6,A
1924,0,78,0,3.0,7,1,1.0,2,4,C
1925,0,69,1,2.0,7,0,2.552586938083121,1,2,C
1926,0,40,0,1.0,5,1,8.0,2,3,B
1927,1,43,1,3.0,4,1,2.0,1,4,A
1928,1,36,1,3.0,0,1,0.0,1,4,A
1929,1,35,1,2.0,3,1,1.0,0,0,A
1930,1,30,0,4.0,5,0,0.0,2,6,D
1931,1,47,1,2.0,3,0,3.0,0,4,A
1932,1,69,1,1.0,0,0,0.0,2,4,C
1933,1,41,1,5.0,3,1,2.552586938083121,2,6,B
1934,1,33,1,6.0,4,0,4.0,2,6,D
1935,1,27,0,5.0,5,1,6.0,2,0,D
1936,1,38,1,2.0,2,1,6.0,2,6,B
1937,1,35,1,4.0,0,1,2.552586938083121,0,6,A
1938,1,27,1,2.0,0,1,10.0,2,6,B
1939,0,51,1,2.8253778838504378,6,1,9.0,2,6,B
1940,0,52,1,1.0,2,1,4.0,2,6,B
1941,1,53,0,1.0,1,1,0.0,2,4,B
1942,1,43,1,2.0,0,1,8.0,0,4,A
1943,1,42,1,2.0,1,1,8.0,2,4,B
1944,1,36,0,1.0,1,1,9.0,2,4,B
1945,1,36,0,2.0,0,1,14.0,2,4,B
1946,0,40,0,1.0,5,1,1.0,2,4,B
1947,1,47,1,3.0,3,1,2.0,0,4,A
1948,1,30,0,2.0,1,0,1.0,2,2,D
1949,0,53,1,2.8253778838504378,0,1,2.552586938083121,2,6,B
1950,1,45,1,2.0,0,1,5.0,0,4,A
1951,1,33,0,5.0,5,1,0.0,2,4,D
1952,0,40,0,2.0,0,1,8.0,2,4,B
1953,0,36,1,1.0,8,1,5.0,2,4,B
1954,1,32,0,4.0,2,0,0.0,2,4,D
1955,0,51,1,2.0,0,1,0.0,2,4,B
1956,0,49,0,1.0,0,1,0.0,2,4,B
1957,1,81,1,2.8253778838504378,7,0,1.0,2,4,C
1958,1,72,1,4.0,0,1,1.0,0,4,A
1959,0,70,0,2.0,0,1,0.0,2,4,B
1960,1,21,0,3.0,5,0,0.0,2,0,D
1961,1,21,0,5.0,5,0,1.0,2,2,D
1962,0,41,1,4.0,3,0,4.0,0,2,A
1963,0,49,0,1.0,2,0,12.0,2,2,B
1964,0,51,0,1.0,3,0,0.0,2,2,D
1965,1,28,1,5.0,5,0,0.0,0,2,A
1966,1,37,0,2.0,5,1,5.0,2,6,B
1967,0,63,1,3.0,0,1,1.0,0,6,A
1968,1,19,0,4.0,5,0,8.0,2,6,D
1969,0,32,0,3.0,5,0,2.552586938083121,2,2,D
1970,0,51,1,1.0,0,0,6.0,2,4,B
1971,1,26,1,2.0,3,0,3.0,2,2,D
1972,1,61,1,1.0,0,0,0.0,2,4,C
1973,0,51,1,4.0,0,1,0.0,0,4,A
1974,0,45,1,3.0,0,1,0.0,0,4,A
1975,1,29,1,2.0,3,1,1.0,1,6,A
1976,1,47,1,5.0,0,0,0.0,2,6,D
1977,1,25,0,2.0,1,1,1.0,2,6,B
1978,1,40,0,5.0,8,0,0.0,2,2,D
1979,1,45,0,1.0,0,1,1.0,2,2,B
1980,1,32,1,2.0,3,1,1.0,0,2,A
1981,1,38,1,3.0,0,1,0.0,2,5,B
1982,0,38,0,2.0,0,1,8.0,2,6,B
1983,0,48,1,3.0,2,1,7.0,2,6,B
1984,0,71,0,1.0,1,1,0.0,2,4,B
1985,0,46,1,3.0,0,1,3.0,2,4,B
1986,0,46,1,2.0,0,1,9.0,2,4,B
1987,0,49,1,2.0,0,1,7.0,2,4,B
1988,1,43,1,3.0,3,0,0.0,2,2,D
1989,0,38,0,4.0,0,1,6.0,2,2,B
1990,1,25,0,4.0,5,1,8.0,2,4,D
1991,0,46,1,4.0,2,1,0.0,2,5,B
1992,0,28,0,3.0,2,1,9.0,2,4,B
1993,0,41,0,4.0,3,1,5.0,2,4,B
1994,0,32,0,5.0,0,1,9.0,2,4,B
1995,0,21,0,4.0,5,0,0.0,2,6,D
1996,1,22,0,6.0,5,0,1.0,2,2,D
1997,1,27,0,5.0,5,0,0.0,2,2,D
1998,1,40,1,2.0,0,1,0.0,0,0,A
1999,0,68,1,1.0,2,0,0.0,2,2,C
2000,0,25,0,7.0,6,0,1.0,2,2,D
2001,1,28,0,4.0,5,0,1.0,2,2,D
2002,1,28,0,8.0,8,0,2.0,2,2,D
2003,1,27,0,3.0,3,0,1.0,2,2,D
2004,1,67,1,4.0,3,0,5.0,0,2,A
2005,1,46,1,9.0,4,0,4.0,2,2,D
2006,0,33,0,4.0,3,0,8.0,2,2,D
2007,0,40,1,3.0,1,1,6.0,0,2,A
2008,0,48,1,7.0,0,0,5.0,0,2,A
2009,1,42,1,5.0,4,0,0.0,1,2,D
2010,1,56,0,1.0,0,1,1.0,2,4,B
2011,0,51,0,1.0,2,1,3.0,2,4,B
2012,0,27,0,1.0,5,1,0.0,2,3,B
2013,0,25,0,3.0,1,1,7.0,2,2,B
2014,0,51,1,2.0,0,0,9.0,1,2,A
2015,0,26,1,2.0,5,1,2.552586938083121,0,4,A
2016,0,35,0,1.0,1,1,0.0,2,4,B
2017,0,25,1,3.0,1,1,1.0,2,4,B
2018,1,30,0,3.0,5,0,6.0,2,4,D
2019,0,41,0,1.0,5,1,9.0,2,4,B
2020,1,42,1,3.0,0,1,6.0,2,4,B
2021,0,40,1,5.0,0,1,8.0,1,4,A
2022,1,36,0,1.0,3,1,13.0,2,4,B
2023,0,39,0,1.0,0,1,9.0,2,4,B
2024,1,40,1,3.0,4,1,7.0,1,4,A
2025,0,40,1,2.0,2,1,1.0,0,4,A
2026,1,28,0,6.0,0,1,9.0,2,4,D
2027,0,31,0,2.8253778838504378,8,1,8.0,2,5,B
2028,1,41,0,1.0,0,1,4.0,2,4,B
2029,0,28,0,5.0,2,1,9.0,2,4,B
2030,1,30,0,1.0,5,1,1.0,2,4,B
2031,0,30,0,1.0,5,1,1.0,2,4,B
2032,0,38,0,2.0,0,1,9.0,2,4,B
2033,1,43,1,1.0,0,1,7.0,2,3,B
2034,1,29,0,1.0,3,1,9.0,2,4,B
2035,0,30,0,3.0,5,1,9.0,2,4,B
2036,1,27,1,2.0,5,1,0.0,2,4,B
2037,0,48,1,2.0,0,1,0.0,0,4,A
2038,0,51,0,1.0,0,1,1.0,2,4,B
2039,0,48,0,1.0,8,1,0.0,2,4,B
2040,0,28,0,1.0,8,1,9.0,2,4,B
2041,0,40,0,1.0,0,1,3.0,2,4,B
2042,1,51,1,2.0,0,1,1.0,2,4,B
2043,0,36,1,2.0,8,0,8.0,2,4,D
2044,0,51,0,1.0,8,1,9.0,2,4,B
2045,1,45,1,4.0,4,1,5.0,1,2,A
2046,1,40,0,1.0,0,1,8.0,2,4,B
2047,1,40,0,1.0,0,1,0.0,2,3,B
2048,1,41,1,2.0,0,1,2.0,2,4,B
2049,1,43,1,4.0,3,1,0.0,0,4,A
2050,1,21,1,3.0,5,0,1.0,2,4,D
2051,1,23,0,4.0,5,0,1.0,2,4,D
2052,0,31,0,3.0,1,0,0.0,2,4,D
2053,0,42,1,2.0,3,1,6.0,2,4,B
2054,1,61,1,1.0,0,0,0.0,2,3,C
2055,0,45,1,1.0,6,1,0.0,2,6,C
2056,0,63,1,1.0,0,1,5.0,2,6,B
2057,1,86,1,1.0,7,0,0.0,2,4,C
2058,0,67,1,3.0,2,0,2.552586938083121,1,3,C
2059,1,71,1,3.0,4,0,2.552586938083121,1,3,C
2060,0,43,1,2.0,3,0,14.0,2,6,B
2061,1,28,1,2.0,3,0,2.552586938083121,2,4,D
2062,1,47,1,2.0,3,0,0.0,2,4,C
2063,0,53,1,4.0,0,1,0.0,0,4,A
2064,0,36,1,2.0,3,0,1.0,0,2,A
2065,1,35,1,2.8253778838504378,3,0,1.0,2,2,D
2066,0,48,1,4.0,0,1,1.0,1,4,A
2067,0,60,1,3.0,0,1,3.0,2,2,B
2068,0,45,1,1.0,4,0,2.552586938083121,2,4,C
2069,0,42,1,2.0,2,0,0.0,2,4,B
2070,0,89,1,1.0,7,1,1.0,2,4,C
2071,0,23,0,2.0,8,0,4.0,2,6,D
2072,1,46,1,1.0,6,1,11.0,2,6,B
2073,1,22,0,4.0,0,0,8.0,2,2,D
2074,0,30,0,7.0,5,0,0.0,2,4,D
2075,1,58,1,2.8253778838504378,3,1,0.0,2,4,C
2076,1,73,1,4.0,0,1,0.0,0,4,A
2077,0,71,1,1.0,7,1,0.0,2,4,C
2078,0,35,1,5.0,2,0,0.0,2,4,D
2079,1,52,1,4.0,3,1,1.0,0,4,A
2080,1,84,1,2.0,7,1,0.0,2,4,C
2081,1,47,1,5.0,3,1,1.0,0,4,A
2082,1,39,1,2.0,4,0,0.0,2,4,C
2083,0,40,1,3.0,2,0,0.0,2,2,D
2084,0,46,0,1.0,0,1,1.0,2,4,B
2085,1,40,0,2.0,0,1,3.0,2,4,B
2086,0,27,0,6.0,0,0,1.0,2,4,D
2087,0,23,0,4.0,5,0,4.0,2,3,D
2088,0,21,0,2.0,0,1,1.0,2,4,B
2089,1,70,1,2.0,7,0,2.0,1,4,C
2090,1,28,1,2.0,3,1,1.0,2,4,B
2091,0,58,1,4.0,6,1,1.0,2,4,C
2092,0,27,1,2.0,3,1,0.0,0,4,A
2093,0,49,1,5.0,2,0,0.0,0,4,A
2094,0,37,1,3.0,2,0,8.0,0,4,A
2095,1,39,1,4.0,3,0,1.0,0,4,A
2096,0,28,0,4.0,1,0,2.0,2,4,D
2097,1,73,1,2.0,3,0,0.0,0,4,C
2098,0,51,1,5.0,0,1,1.0,0,6,A
2099,0,48,1,3.0,1,1,8.0,0,0,A
2100,1,72,1,2.8253778838504378,6,1,9.0,2,4,C
2101,1,47,1,2.8253778838504378,0,0,1.0,0,4,A
2102,0,67,1,1.0,1,1,0.0,2,2,B
2103,1,77,1,2.0,7,1,0.0,1,2,C
2104,1,46,1,3.0,0,1,3.0,0,4,A
2105,0,52,1,4.0,0,1,1.0,0,4,A
2106,1,67,1,1.0,7,0,1.0,2,4,C
2107,1,62,1,4.0,1,1,0.0,0,4,A
2108,1,45,1,3.0,1,1,8.0,0,2,A
2109,1,40,1,5.0,1,1,1.0,0,2,A
2110,0,60,1,2.0,0,1,4.0,0,6,A
2111,0,37,1,4.0,1,1,8.0,0,0,A
2112,1,69,1,1.0,4,0,2.0,1,4,C
2113,0,58,1,4.0,0,1,1.0,1,4,A
2114,1,52,1,2.8253778838504378,0,1,1.0,2,4,B
2115,1,20,0,5.0,5,0,2.0,2,4,D
2116,0,23,1,4.0,5,0,6.0,2,0,D
2117,1,66,1,1.0,0,1,0.0,2,2,B
2118,1,19,0,3.0,5,0,1.0,2,0,D
2119,0,53,1,5.0,0,1,0.0,0,4,A
2120,0,59,1,1.0,6,1,6.0,2,4,C
2121,0,61,1,4.0,0,1,0.0,0,2,A
2122,0,68,1,2.0,2,1,1.0,2,2,C
2123,1,20,0,3.0,5,0,1.0,2,2,D
2124,1,20,0,4.0,5,0,1.0,2,0,D
2125,0,49,1,4.0,0,1,0.0,2,0,B
2126,1,19,0,3.0,5,0,1.0,2,0,D
2127,0,27,0,4.0,5,0,1.0,2,4,D
2128,1,32,1,2.0,0,1,1.0,2,6,B
2129,0,67,1,3.0,0,1,0.0,0,2,A
2130,1,27,0,3.0,3,0,1.0,2,0,D
2131,1,72,1,2.8253778838504378,4,1,0.0,2,4,C
2132,0,32,0,5.0,1,0,1.0,2,2,D
2133,0,28,0,2.0,0,0,0.0,2,6,B
2134,1,29,1,2.8253778838504378,5,1,8.0,2,4,B
2135,0,19,0,5.0,5,0,1.0,2,0,D
2136,0,52,1,5.0,0,1,1.0,0,0,A
2137,0,47,1,2.0,1,1,1.0,0,0,A
2138,1,19,0,5.0,5,0,3.0,2,0,D
2139,0,18,0,2.8253778838504378,5,0,5.0,2,2,D
2140,0,79,1,2.0,7,0,1.0,1,4,C
2141,0,19,0,4.0,5,0,1.0,2,2,D
2142,0,48,1,3.0,0,1,0.0,2,0,B
2143,1,52,1,3.0,0,1,1.0,0,0,A
2144,1,23,0,4.0,5,0,1.0,2,4,D
2145,0,58,1,1.0,0,1,1.0,2,2,B
2146,0,69,1,1.0,2,1,1.0,2,4,C
2147,1,37,1,1.0,3,1,4.0,2,4,B
2148,0,30,0,3.0,5,0,0.0,2,4,D
2149,0,25,1,4.0,5,0,0.0,2,4,D
2150,0,39,0,2.0,2,1,8.0,2,2,B
2151,1,43,1,2.0,3,1,3.0,2,2,B
2152,0,32,0,1.0,2,0,0.0,2,2,D
2153,1,23,0,5.0,5,0,0.0,2,6,D
2154,0,30,0,3.0,5,0,1.0,2,2,D
2155,0,41,1,2.0,2,0,1.0,2,2,B
2156,1,49,1,2.0,0,1,1.0,0,1,A
2157,1,66,1,3.0,4,0,6.0,2,2,C
2158,0,67,1,2.0,1,1,1.0,2,4,B
2159,1,30,0,2.0,5,1,0.0,2,4,B
2160,0,39,0,1.0,1,1,6.0,2,0,B
2161,0,52,1,4.0,0,1,0.0,2,0,A
2162,0,57,1,5.0,0,1,0.0,0,4,A
2163,1,63,1,1.0,4,1,1.0,1,4,C
2164,0,52,1,3.0,6,0,4.0,1,4,C
2165,1,61,1,2.0,0,1,8.0,0,4,A
2166,1,35,1,2.0,3,1,7.0,2,4,B
2167,1,52,1,2.0,0,1,4.0,0,4,A
2168,0,45,1,2.0,2,1,2.0,1,2,A
2169,1,37,1,2.0,3,1,8.0,0,4,A
2170,0,45,1,2.0,2,1,1.0,0,4,A
2171,0,55,1,2.8253778838504378,2,1,0.0,0,4,A
2172,0,49,1,2.8253778838504378,2,1,4.0,0,6,A
2173,0,42,1,6.0,3,0,1.0,2,6,D
2174,0,39,1,2.0,1,1,3.0,1,2,A
2175,1,18,0,3.0,5,0,0.0,2,6,D
2176,1,43,1,3.0,0,0,1.0,0,6,A
2177,1,50,1,4.0,4,0,1.0,0,4,A
2178,1,37,1,4.0,0,1,1.0,0,4,A
2179,0,37,0,1.0,2,1,1.0,2,4,B
2180,1,63,1,3.0,3,1,0.0,2,4,C
2181,1,83,1,2.0,7,1,1.0,2,6,C
2182,1,55,1,3.0,0,1,1.0,0,6,A
2183,1,71,1,3.0,0,1,1.0,2,4,C
2184,1,87,1,1.0,7,0,1.0,2,2,C
2185,0,49,1,5.0,3,1,2.0,0,6,A
2186,1,27,1,4.0,1,0,0.0,2,2,D
2187,0,25,1,4.0,8,0,1.0,2,2,D
2188,1,42,1,2.0,5,0,0.0,2,6,C
2189,0,66,1,2.0,0,1,4.0,2,4,B
2190,0,32,0,1.0,5,1,1.0,2,4,B
2191,0,32,1,2.0,1,1,4.0,2,4,B
2192,0,37,1,1.0,1,0,8.0,2,0,B
2193,0,62,1,5.0,7,1,9.0,2,4,C
2194,0,33,0,4.0,5,1,3.0,2,2,D
2195,0,45,1,2.0,6,1,2.0,0,6,A
2196,0,18,1,5.0,5,0,5.0,2,6,D
2197,0,37,1,3.0,0,1,0.0,0,6,A
2198,1,30,0,4.0,1,1,4.0,2,6,B
2199,1,31,0,3.0,3,1,5.0,2,4,B
2200,0,48,1,4.0,0,1,0.0,0,6,A
2201,1,31,0,1.0,5,1,2.552586938083121,2,6,B
2202,0,36,1,2.0,1,1,8.0,2,2,B
2203,1,61,1,6.0,3,1,0.0,0,4,A
2204,0,83,1,2.0,7,0,0.0,1,4,C
2205,1,77,1,2.0,7,0,1.0,1,4,C
2206,0,46,1,3.0,0,1,3.0,1,2,A
2207,1,48,1,3.0,2,1,0.0,0,6,A
2208,1,19,0,5.0,5,0,0.0,2,6,D
2209,1,21,0,3.0,5,0,1.0,2,4,D
2210,0,40,0,1.0,2,0,2.552586938083121,2,4,B
2211,1,27,0,5.0,5,0,0.0,2,0,D
2212,0,49,1,1.0,8,0,0.0,2,1,C
2213,1,19,0,4.0,5,0,1.0,2,4,D
2214,0,53,0,1.0,3,1,1.0,2,4,B
2215,1,29,0,1.0,0,1,8.0,2,4,B
2216,1,23,0,4.0,5,0,3.0,2,2,D
2217,1,84,1,2.0,7,1,1.0,1,4,C
2218,1,38,0,4.0,3,1,0.0,2,4,D
2219,1,26,0,2.0,1,1,11.0,2,3,B
2220,0,19,0,4.0,5,0,1.0,2,0,D
2221,0,22,1,4.0,5,0,1.0,2,4,D
2222,1,20,1,2.0,3,0,0.0,2,4,D
2223,1,36,1,3.0,5,1,0.0,2,4,B
2224,1,18,0,3.0,5,0,1.0,2,4,D
2225,0,20,0,4.0,5,0,7.0,2,4,D
2226,0,18,0,4.0,8,0,1.0,2,4,D
2227,1,32,1,2.0,0,0,7.0,0,4,A
2228,0,18,0,4.0,5,0,0.0,2,4,D
2229,1,18,0,2.0,5,0,0.0,2,4,D
2230,0,21,0,4.0,5,0,8.0,2,4,D
2231,0,75,1,2.0,0,1,1.0,1,4,A
2232,1,37,1,2.0,2,1,0.0,0,4,A
2233,0,35,1,3.0,2,1,1.0,2,6,B
2234,1,20,0,3.0,5,0,9.0,2,4,D
2235,1,58,1,4.0,3,1,2.0,0,6,A
2236,1,33,0,4.0,5,0,8.0,2,4,D
2237,1,58,1,3.0,0,1,0.0,2,4,B
2238,1,20,0,5.0,5,0,1.0,2,4,D
2239,1,50,1,2.0,0,1,4.0,0,4,A
2240,0,51,0,2.8253778838504378,6,1,0.0,2,4,B
2241,0,27,0,3.0,5,0,8.0,2,2,D
2242,0,58,1,2.0,1,1,1.0,0,4,A
2243,1,62,1,2.0,4,0,1.0,2,4,C
2244,1,79,1,2.0,8,1,0.0,1,4,C
2245,0,19,0,4.0,5,0,1.0,2,4,D
2246,0,33,0,2.8253778838504378,2,0,0.0,2,2,D
2247,1,36,1,2.0,0,1,1.0,0,4,A
2248,0,29,1,2.0,5,1,1.0,2,4,B
2249,0,28,1,3.0,5,0,3.0,2,0,D
2250,0,22,0,4.0,5,0,0.0,2,4,D
2251,1,21,0,3.0,5,0,1.0,2,4,D
2252,1,22,0,3.0,5,0,0.0,2,2,D
2253,1,28,0,3.0,0,1,9.0,2,4,B
2254,0,48,1,4.0,0,1,3.0,0,4,A
2255,1,48,1,2.0,1,1,3.0,0,4,A
2256,1,66,1,3.0,7,0,0.0,2,4,C
2257,0,47,1,4.0,6,1,1.0,2,4,C
2258,0,68,1,4.0,0,1,1.0,1,4,A
2259,1,73,1,2.0,4,1,0.0,1,4,C
2260,0,59,1,1.0,7,0,0.0,2,0,C
2261,1,38,1,2.0,1,1,7.0,0,4,A
2262,0,76,1,2.0,7,0,1.0,1,4,C
2263,0,40,1,2.0,2,1,3.0,2,2,B
2264,0,49,1,2.0,2,1,0.0,1,2,A
2265,0,33,0,2.8253778838504378,6,0,0.0,2,2,D
2266,1,18,0,2.8253778838504378,5,0,1.0,2,4,D
2267,0,69,1,2.0,7,1,0.0,1,4,C
2268,1,22,0,5.0,5,1,1.0,2,6,D
2269,0,18,0,3.0,5,1,0.0,2,6,B
2270,0,20,0,4.0,5,1,1.0,2,4,D
2271,1,36,1,1.0,5,1,1.0,2,4,B
2272,0,67,1,2.0,0,1,0.0,0,6,A
2273,0,37,1,3.0,0,1,1.0,0,4,A
2274,0,26,0,2.8253778838504378,5,0,2.0,2,4,D
2275,1,51,1,4.0,1,1,1.0,0,4,A
2276,0,67,1,2.0,7,1,1.0,2,4,C
2277,0,29,0,4.0,3,1,1.0,2,4,B
2278,0,76,1,2.0,7,1,0.0,2,4,C
2279,1,86,1,1.0,7,1,0.0,2,4,C
2280,0,51,1,2.0,6,1,9.0,0,4,A
2281,1,35,1,2.0,3,1,1.0,2,6,B
2282,1,30,0,2.0,1,0,3.0,2,4,D
2283,1,47,1,2.0,1,1,0.0,0,6,A
2284,1,81,1,1.0,7,0,0.0,2,4,C
2285,0,85,1,1.0,7,0,0.0,2,4,C
2286,1,60,1,5.0,3,1,2.552586938083121,0,4,A
2287,0,21,0,3.0,5,0,2.0,2,4,D
2288,0,40,1,1.0,2,1,0.0,2,4,B
2289,0,35,1,1.0,6,1,4.0,2,6,B
2290,0,35,1,1.0,5,1,0.0,2,2,B
2291,0,41,0,1.0,2,0,1.0,2,4,B
2292,1,18,0,3.0,5,0,0.0,2,4,D
2293,1,22,0,2.8253778838504378,5,0,0.0,2,2,D
2294,1,61,1,2.8253778838504378,0,1,0.0,2,4,B
2295,1,23,0,3.0,5,0,0.0,2,4,D
2296,1,31,0,5.0,5,0,1.0,2,2,D
2297,1,82,1,2.0,7,1,0.0,1,4,C
2298,1,84,1,2.0,4,0,1.0,1,4,C
2299,1,41,1,2.0,3,1,1.0,2,4,B
2300,0,66,1,2.0,0,1,0.0,0,2,A
2301,1,57,1,2.0,0,1,5.0,2,4,B
2302,1,20,0,4.0,5,0,3.0,2,0,D
2303,0,32,0,1.0,6,0,14.0,2,4,B
2304,0,29,0,1.0,6,0,11.0,2,4,D
2305,1,36,1,4.0,4,1,2.552586938083121,1,4,A
2306,1,38,1,3.0,3,1,1.0,0,4,A
2307,0,43,1,1.0,1,0,1.0,2,4,B
2308,0,42,0,1.0,8,0,1.0,2,4,D
2309,0,48,1,1.0,6,0,8.0,2,4,C
2310,1,62,1,1.0,0,1,0.0,2,4,B
2311,1,63,0,2.0,0,1,0.0,2,4,B
2312,1,60,1,2.0,3,1,1.0,2,4,C
2313,1,63,1,2.0,0,1,1.0,2,4,B
2314,1,62,1,1.0,3,1,9.0,2,4,B
2315,1,40,1,2.8253778838504378,4,0,4.0,2,4,D
2316,1,63,1,1.0,0,1,0.0,0,4,A
2317,1,19,0,4.0,5,0,6.0,2,6,D
2318,0,21,0,1.0,6,0,8.0,2,4,D
2319,1,21,0,2.8253778838504378,5,0,1.0,2,4,D
2320,1,22,0,5.0,2,0,6.0,2,0,D
2321,1,60,1,3.0,7,0,1.0,1,4,C
2322,1,59,1,1.0,0,1,8.0,2,4,B
2323,1,73,1,2.0,7,0,1.0,1,4,C
2324,0,52,1,3.0,0,1,0.0,1,4,A
2325,0,66,1,2.0,1,0,9.0,0,4,A
2326,1,61,1,4.0,3,0,1.0,2,6,C
2327,0,61,1,1.0,0,1,1.0,2,4,B
2328,0,61,1,2.0,0,1,2.0,0,4,A
2329,1,59,1,2.0,3,1,1.0,0,4,A
2330,1,51,1,1.0,0,1,1.0,2,4,B
2331,0,36,1,2.0,6,1,9.0,2,2,B
2332,1,71,0,3.0,4,1,9.0,2,4,B
2333,1,48,1,2.0,0,1,1.0,0,4,A
2334,1,43,1,2.0,3,1,9.0,0,4,A
2335,0,36,0,1.0,0,1,9.0,2,4,B
2336,0,57,1,3.0,0,0,2.552586938083121,0,4,A
2337,1,33,0,3.0,5,1,1.0,2,4,D
2338,0,31,0,6.0,0,1,1.0,2,2,D
2339,1,57,1,3.0,0,1,1.0,0,4,A
2340,0,33,0,4.0,6,0,2.0,2,6,D
2341,1,30,0,5.0,0,1,1.0,2,4,D
2342,1,26,1,2.0,1,0,8.0,0,4,A
2343,0,29,0,3.0,2,0,1.0,2,4,D
2344,0,42,0,1.0,8,1,0.0,2,3,B
2345,0,30,0,5.0,1,0,0.0,2,6,D
2346,0,18,0,5.0,2,0,1.0,2,0,D
2347,1,18,0,4.0,5,0,5.0,2,4,D
2348,1,80,1,2.0,4,0,0.0,1,4,C
2349,1,35,0,2.0,2,0,7.0,2,4,D
2350,1,45,1,2.0,3,1,1.0,0,4,A
2351,1,42,0,1.0,2,1,8.0,2,4,B
2352,0,26,1,2.0,5,0,2.552586938083121,1,3,D
2353,1,38,1,2.0,0,1,1.0,2,4,B
2354,1,41,1,7.0,0,1,1.0,0,4,A
2355,1,45,0,2.0,3,1,1.0,2,4,B
2356,1,57,1,1.0,0,1,1.0,2,6,B
2357,0,33,0,4.0,5,1,5.0,2,4,D
2358,0,51,1,2.0,0,1,8.0,0,4,A
2359,1,85,1,2.0,4,0,1.0,2,4,C
2360,0,30,0,3.0,3,0,0.0,2,4,D
2361,1,38,1,3.0,2,1,1.0,0,2,A
2362,1,66,1,1.0,0,1,1.0,2,4,B
2363,1,40,0,2.0,0,1,0.0,2,0,B
2364,1,83,1,1.0,7,1,2.552586938083121,2,4,C
2365,1,61,1,3.0,8,1,1.0,0,4,C
2366,1,65,1,2.0,4,1,1.0,1,4,C
2367,1,37,1,4.0,8,0,0.0,1,3,D
2368,1,47,1,2.8253778838504378,1,1,0.0,2,4,B
2369,1,51,1,4.0,3,0,1.0,0,6,A
2370,1,73,1,1.0,7,0,2.552586938083121,2,4,C
2371,0,49,1,3.0,8,0,1.0,0,2,C
2372,0,73,1,2.0,2,1,0.0,2,4,C
2373,1,37,1,4.0,3,0,1.0,0,2,A
2374,0,55,1,1.0,2,1,0.0,2,4,B
2375,0,32,0,1.0,6,0,12.0,2,4,D
2376,0,28,0,3.0,0,1,0.0,2,4,B
2377,0,50,0,3.0,7,0,0.0,2,4,D
2378,1,38,1,2.0,3,1,1.0,2,4,B
2379,0,28,0,1.0,6,0,8.0,2,4,D
2380,1,46,0,1.0,3,1,1.0,2,4,B
2381,0,47,1,2.8253778838504378,0,1,0.0,2,4,B
2382,1,39,1,6.0,4,1,8.0,1,3,A
2383,0,26,0,2.8253778838504378,5,0,1.0,2,4,D
2384,0,37,1,2.0,6,1,9.0,1,4,B
2385,1,43,1,2.0,0,0,1.0,0,6,A
2386,0,27,0,1.0,6,0,2.552586938083121,2,4,D
2387,1,69,1,2.8253778838504378,0,1,1.0,0,6,A
2388,1,47,1,2.0,0,1,9.0,0,5,A
2389,1,36,0,2.0,0,1,9.0,2,4,B
2390,1,43,1,3.0,5,1,1.0,2,6,C
2391,1,42,1,4.0,3,1,3.0,0,4,A
2392,1,29,0,3.0,0,1,0.0,2,4,B
2393,0,45,1,4.0,0,1,1.0,1,4,A
2394,1,88,1,2.0,0,1,1.0,2,4,C
2395,0,33,0,5.0,2,1,2.552586938083121,2,3,D
2396,1,18,1,4.0,1,0,0.0,2,4,D
2397,0,41,1,2.0,6,1,2.552586938083121,1,4,C
2398,0,28,0,3.0,1,1,1.0,2,4,B
2399,0,30,0,1.0,3,1,0.0,2,4,B
2400,0,79,1,2.0,7,1,2.552586938083121,1,4,C
2401,0,27,0,1.0,0,1,8.0,2,4,B
2402,0,53,1,4.0,2,1,0.0,0,4,A
2403,0,43,0,1.0,0,1,14.0,2,2,B
2404,1,19,0,4.0,5,0,1.0,2,4,D
2405,1,26,0,2.0,3,0,1.0,2,4,D
2406,0,67,0,2.0,0,0,1.0,2,4,B
2407,0,32,0,2.0,0,1,1.0,2,1,B
2408,0,26,0,4.0,1,0,7.0,2,4,D
2409,0,29,0,3.0,2,0,0.0,2,4,D
2410,0,33,0,1.0,0,1,9.0,2,4,B
2411,1,22,0,3.0,1,0,0.0,2,4,D
2412,0,27,0,2.0,2,0,0.0,2,4,D
2413,1,30,0,4.0,5,0,1.0,2,0,D
2414,1,25,0,4.0,1,0,8.0,2,4,D
2415,0,32,0,1.0,8,0,2.552586938083121,2,2,D
2416,1,85,1,1.0,7,1,2.552586938083121,2,4,C
2417,1,29,0,2.8253778838504378,5,1,2.552586938083121,2,4,B
2418,1,56,1,4.0,7,1,0.0,2,4,C
2419,1,52,1,3.0,0,1,0.0,0,0,A
2420,0,25,0,5.0,5,0,2.552586938083121,2,4,D
2421,0,65,1,2.0,0,1,2.552586938083121,0,6,A
2422,0,49,1,1.0,0,1,1.0,2,4,B
2423,0,73,1,2.0,7,0,1.0,2,4,C
2424,1,36,1,2.0,1,1,2.0,0,4,A
2425,0,36,0,1.0,2,1,4.0,2,3,B
2426,1,71,1,3.0,7,1,1.0,1,4,C
2427,0,55,1,2.0,0,1,0.0,2,4,B
2428,1,35,1,2.0,3,1,1.0,0,4,A
2429,1,41,1,2.0,0,0,0.0,0,4,A
2430,1,42,0,1.0,0,1,1.0,2,0,B
2431,1,35,1,2.0,1,1,2.552586938083121,2,4,B
2432,0,48,1,2.0,0,1,1.0,0,5,A
2433,0,73,1,2.0,7,1,1.0,1,4,C
2434,0,40,0,1.0,1,1,1.0,2,4,B
2435,0,29,0,6.0,5,1,3.0,2,4,D
2436,1,62,1,3.0,0,1,1.0,0,4,A
2437,1,89,1,2.0,7,1,0.0,2,4,C
2438,1,86,1,1.0,7,1,0.0,2,4,C
2439,1,38,1,3.0,0,1,0.0,0,4,A
2440,1,45,1,4.0,4,1,0.0,1,4,A
2441,1,26,0,4.0,5,0,0.0,2,4,D
2442,1,55,1,2.0,0,1,1.0,2,4,B
2443,0,52,1,5.0,0,1,1.0,0,4,A
2444,1,43,1,2.0,0,1,5.0,0,4,A
2445,1,35,0,1.0,0,1,1.0,2,4,B
2446,1,73,1,2.0,7,1,1.0,2,4,C
2447,1,41,0,3.0,0,1,4.0,2,4,B
2448,1,27,0,1.0,5,1,2.552586938083121,2,4,B
2449,1,35,1,3.0,3,1,6.0,2,4,B
2450,0,63,1,2.0,0,1,0.0,0,4,A
2451,1,41,0,1.0,0,1,2.552586938083121,2,4,B
2452,1,53,0,2.8253778838504378,0,0,1.0,2,2,D
2453,1,42,0,2.8253778838504378,2,0,0.0,2,4,D
2454,0,46,1,4.0,0,1,0.0,0,4,A
2455,1,38,1,2.0,3,0,0.0,2,4,D
2456,1,25,1,3.0,1,1,1.0,2,4,B
2457,0,40,1,3.0,0,1,7.0,0,2,A
2458,0,55,1,2.0,7,1,1.0,2,4,C
2459,0,29,0,1.0,5,1,0.0,2,4,B
2460,0,39,1,1.0,0,1,2.0,2,4,B
2461,1,50,1,3.0,1,0,1.0,0,4,A
2462,0,61,1,2.0,0,1,1.0,0,4,A
2463,1,56,1,1.0,0,1,0.0,2,4,B
2464,1,40,0,3.0,3,1,1.0,2,5,B
2465,0,86,1,2.0,7,1,0.0,1,4,C
2466,1,27,0,3.0,3,0,5.0,2,4,D
2467,1,35,0,1.0,0,1,2.552586938083121,2,4,B
2468,1,56,1,2.0,0,1,2.552586938083121,0,4,A
2469,0,36,1,2.0,0,1,2.552586938083121,2,4,B
2470,1,32,1,2.0,1,0,9.0,2,0,B
2471,0,85,1,2.0,7,1,1.0,2,4,C
2472,0,51,1,1.0,0,1,0.0,2,5,B
2473,0,41,0,2.0,0,1,8.0,2,4,B
2474,1,42,1,4.0,4,0,5.0,1,4,A
2475,0,30,0,6.0,8,1,0.0,2,4,D
2476,1,42,1,5.0,4,1,2.552586938083121,1,4,A
2477,0,42,1,3.0,0,1,9.0,0,4,A
2478,0,25,0,5.0,5,0,2.552586938083121,2,3,D
2479,1,60,1,4.0,4,1,4.0,1,4,A
2480,1,18,0,5.0,5,0,2.0,2,4,D
2481,1,36,1,4.0,4,1,0.0,0,4,A
2482,1,49,1,2.0,0,1,0.0,0,4,A
2483,1,42,1,3.0,4,1,1.0,1,4,A
2484,1,42,1,5.0,0,0,1.0,0,2,A
2485,0,39,1,2.0,3,1,2.552586938083121,0,0,A
2486,0,62,1,2.0,1,1,1.0,2,3,B
2487,1,47,1,4.0,4,1,0.0,1,4,A
2488,1,39,1,3.0,0,1,2.552586938083121,2,4,B
2489,0,25,1,2.0,0,1,3.0,1,4,B
2490,0,27,0,4.0,0,1,1.0,2,4,B
2491,0,31,1,4.0,1,0,0.0,2,4,D
2492,1,36,1,4.0,0,1,0.0,2,4,B
2493,1,51,1,3.0,3,1,3.0,2,4,B
2494,1,63,1,1.0,3,1,2.552586938083121,2,4,C
2495,1,40,0,4.0,0,1,2.552586938083121,2,4,B
2496,1,22,0,2.8253778838504378,1,0,1.0,2,4,D
2497,1,52,1,1.0,0,1,9.0,2,4,B
2498,1,89,1,1.0,7,1,4.0,2,4,C
2499,0,65,1,3.0,7,0,2.552586938083121,1,4,C
2500,1,48,1,4.0,0,1,2.552586938083121,0,3,A
2501,1,48,1,4.0,5,1,1.0,0,4,A
2502,1,31,0,1.0,5,1,8.0,2,4,B
2503,0,62,1,2.0,0,1,2.552586938083121,0,4,A
2504,1,58,1,4.0,4,1,0.0,0,4,A
2505,1,60,1,3.0,0,1,0.0,2,4,B
2506,1,19,0,4.0,5,0,2.552586938083121,2,4,D
2507,1,18,0,2.8253778838504378,5,0,14.0,2,4,D
2508,1,48,1,3.0,1,1,1.0,0,4,A
2509,1,35,0,1.0,1,1,5.0,2,4,B
2510,1,27,0,3.0,1,1,2.552586938083121,2,4,B
2511,1,60,1,4.0,0,1,0.0,0,4,A
2512,1,32,0,1.0,3,0,0.0,2,4,D
2513,1,40,1,2.0,3,1,7.0,2,4,B
2514,0,25,0,1.0,5,1,0.0,2,4,B
2515,1,42,1,5.0,0,0,1.0,2,6,D
2516,1,26,0,8.0,5,0,8.0,2,2,D
2517,1,27,0,1.0,2,1,6.0,2,4,B
2518,1,42,0,4.0,0,0,2.0,2,4,D
2519,0,77,1,1.0,7,1,4.0,2,4,C
2520,1,70,1,2.8253778838504378,4,1,0.0,2,3,C
2521,1,36,1,2.0,0,0,4.0,0,4,A
2522,1,57,1,3.0,7,1,6.0,2,4,C
2523,1,76,1,1.0,7,1,1.0,2,4,C
2524,1,77,1,2.0,0,1,0.0,1,4,A
2525,1,52,1,1.0,0,1,1.0,2,4,B
2526,0,35,0,1.0,0,1,9.0,2,4,B
2527,1,43,1,2.0,1,1,9.0,0,4,A
2528,1,43,0,1.0,0,1,14.0,2,6,B
2529,0,62,1,4.0,0,1,2.552586938083121,1,4,A
2530,1,21,0,4.0,5,0,0.0,2,6,D
2531,1,23,0,4.0,5,0,0.0,2,6,D
2532,1,65,1,2.0,3,1,0.0,0,4,A
2533,1,35,1,4.0,4,1,4.0,1,4,A
2534,1,48,1,3.0,4,1,4.0,1,4,A
2535,1,33,1,2.0,1,0,9.0,2,4,B
2536,1,82,1,2.0,7,0,1.0,1,4,C
2537,1,45,1,4.0,4,0,1.0,1,4,A
2538,1,56,0,2.0,8,0,1.0,2,4,C
2539,0,49,1,4.0,0,1,2.552586938083121,0,0,A
2540,1,30,1,3.0,5,1,8.0,1,0,A
2541,1,37,0,3.0,5,1,8.0,2,0,D
2542,1,51,1,6.0,8,0,0.0,1,2,D
2543,1,59,1,5.0,3,1,5.0,1,4,A
2544,1,56,1,2.0,4,1,0.0,1,4,C
2545,0,29,1,2.0,1,1,0.0,0,2,A
2546,1,31,1,2.0,0,1,2.552586938083121,2,4,B
2547,0,35,1,4.0,0,1,2.552586938083121,0,4,A
2548,1,89,1,2.0,7,1,7.0,1,4,C
2549,0,38,0,4.0,0,1,9.0,2,4,B
2550,1,45,1,3.0,4,1,4.0,1,4,A
2551,1,37,0,1.0,3,1,0.0,2,2,B
2552,1,74,1,7.0,4,0,1.0,2,4,C
2553,1,82,1,2.0,7,1,0.0,1,4,C
2554,1,53,1,4.0,0,1,7.0,1,6,A
2555,0,43,1,5.0,2,0,0.0,1,4,A
2556,1,62,1,6.0,3,1,2.0,0,4,A
2557,1,56,1,3.0,4,0,8.0,1,4,C
2558,1,88,1,2.0,7,1,3.0,1,4,C
2559,1,28,0,2.0,1,1,0.0,2,4,B
2560,0,51,1,2.0,3,1,5.0,0,4,A
2561,0,60,1,4.0,0,0,0.0,0,4,A
2562,1,19,0,3.0,5,0,0.0,2,4,D
2563,1,23,0,3.0,5,0,1.0,2,2,D
2564,1,20,0,9.0,5,0,0.0,2,3,D
2565,0,50,0,1.0,0,1,1.0,2,0,B
2566,0,21,0,4.0,8,0,4.0,2,4,D
2567,1,62,1,2.0,1,1,0.0,0,4,A
2568,0,36,0,1.0,1,1,1.0,2,6,B
2569,0,31,0,2.0,8,0,0.0,2,4,D
2570,1,52,1,3.0,1,1,4.0,0,4,A
2571,1,20,0,5.0,5,0,1.0,2,4,D
2572,0,23,0,2.0,0,0,2.552586938083121,2,4,D
2573,0,48,1,5.0,0,1,1.0,1,4,A
2574,0,40,1,2.0,3,1,6.0,0,4,A
2575,1,55,1,2.0,0,1,1.0,1,4,A
2576,0,62,1,2.0,0,1,1.0,0,4,A
2577,1,48,0,1.0,0,1,0.0,2,0,B
2578,1,36,1,2.0,3,1,1.0,2,2,B
2579,0,73,1,2.0,0,1,0.0,2,4,B
2580,0,23,0,8.0,8,0,0.0,2,4,D
2581,0,25,1,2.0,0,1,0.0,0,0,A
2582,1,60,1,2.0,0,1,0.0,0,4,A
2583,1,37,0,1.0,0,1,14.0,2,4,B
2584,0,39,1,1.0,1,1,0.0,2,0,B
2585,0,39,0,1.0,0,1,12.0,2,4,B
2586,1,58,1,2.0,0,1,0.0,2,4,B
2587,0,33,0,1.0,3,1,0.0,2,3,B
2588,0,29,0,4.0,0,0,2.552586938083121,2,2,D
2589,0,66,1,2.0,7,1,1.0,1,4,C
2590,0,40,0,1.0,0,1,2.0,2,2,B
2591,0,66,1,2.0,3,1,0.0,1,4,C
2592,0,50,1,2.0,0,1,9.0,1,4,B
2593,0,51,1,4.0,0,1,2.552586938083121,1,4,A
2594,0,50,1,2.0,0,1,0.0,0,4,A
2595,0,39,0,1.0,0,1,1.0,2,4,B
2596,0,46,1,2.0,0,1,0.0,0,4,A
2597,1,29,0,4.0,1,0,0.0,2,4,D
2598,0,29,0,5.0,1,1,0.0,2,4,D
2599,1,23,0,5.0,1,0,1.0,2,4,D
2600,1,57,1,2.0,0,1,1.0,0,4,A
2601,0,31,0,4.0,5,1,1.0,2,4,D
2602,0,69,1,1.0,0,1,1.0,2,4,B
2603,0,28,0,4.0,3,1,0.0,2,4,D
2604,0,31,0,1.0,0,1,14.0,2,4,B
2605,1,37,1,3.0,4,1,0.0,1,4,A
2606,1,58,1,4.0,5,1,0.0,2,4,C
2607,1,48,1,1.0,0,1,3.0,2,4,B
2608,0,18,0,4.0,1,0,1.0,2,4,D
2609,0,27,0,4.0,5,1,2.0,2,5,D
2610,1,30,0,6.0,1,1,8.0,2,0,D
2611,0,36,1,2.0,0,1,1.0,0,4,A
2612,1,45,1,2.0,3,1,4.0,0,4,A
2613,0,26,0,4.0,5,0,1.0,2,4,D
2614,0,23,0,3.0,5,0,0.0,2,4,D
2615,0,42,0,1.0,0,1,0.0,2,4,B
2616,1,46,1,1.0,3,1,5.0,2,0,B
2617,0,27,0,4.0,8,0,8.0,2,0,D
2618,0,42,1,2.0,0,1,0.0,2,4,B
2619,0,19,0,3.0,5,0,0.0,2,4,D
2620,1,21,0,4.0,5,0,1.0,2,2,D
2621,0,35,0,2.0,3,1,1.0,2,4,B
2622,1,29,0,4.0,5,0,9.0,2,4,D
2623,0,35,0,1.0,1,1,1.0,2,4,B
2624,0,53,0,2.0,3,1,2.552586938083121,2,4,B
2625,1,47,1,5.0,4,1,1.0,1,2,A
2626,0,43,0,3.0,5,1,9.0,2,3,B
